web-scraper-order,web-scraper-start-url,Link,Link-href,Category,Name,Image,image_src,MRP,Price,Discount,Description,Weight,Question,Answer,Rating,Vendor_logo-src,Manufacture Addresss,length,width,height,Review_text,Reviewer_name,Review_Hadline,Date,Useful,Avaialbe_size,Price
1690175661-1,https://www.healthmug.com/products/ayurveda/9,Sold OutBaidyanath Kanchnar Guggulu (80tab)Say goodbye to thyroid problems with our expert care 124 10515 %,https://www.healthmug.com/product/baidyanath-kanchnar-guggulu-80tab/267257129,"[{""Category"":""Ayurveda""},{""Category"":""Vati, Gutika & Guggulu""}]",Baidyanath Kanchnar Guggulu (80tab),"[{""Image"":"""",""image_src"":""https://static.oxinis.com/healthmug/image/product/6001-5-30.webp""},{""Image"":"""",""image_src"":""https://static.oxinis.com/healthmug/image/product/6001-5-400.webp""},{""Image"":"""",""image_src"":""https://static.oxinis.com/healthmug/image/product/6001-6-30.webp""},{""Image"":"""",""image_src"":""https://static.oxinis.com/healthmug/image/product/6001-6-400.webp""},{""Image"":"""",""image_src"":""https://static.oxinis.com/healthmug/image/product/6001-7-30.webp""},{""Image"":"""",""image_src"":""https://static.oxinis.com/healthmug/image/product/6001-7-400.webp""},{""Image"":"""",""image_src"":""https://static.oxinis.com/healthmug/image/product/6001-8-30.webp""},{""Image"":"""",""image_src"":""https://static.oxinis.com/healthmug/image/product/6001-8-400.webp""},{""Image"":"""",""image_src"":""https://static.oxinis.com/healthmug/image/product/6001-5-80.webp""},{""Image"":"""",""image_src"":""https://static.oxinis.com/healthmug/image/product/6001-6-80.webp""},{""Image"":"""",""image_src"":""https://static.oxinis.com/healthmug/image/product/6001-7-80.webp""},{""Image"":"""",""image_src"":""https://static.oxinis.com/healthmug/image/product/6001-8-80.webp""}]",,124,105,15,"<div class=""productDetailFull""><div><h2>Also known as</h2><p>Kanchnar Guggulu, kachnar guggul</p></div><div><h2>Properties</h2><div class=""properties""><div class=""propertyRow""><div class=""propertyLable"">Weight</div><div class=""propertyValue"">40 (gms)</div></div><div class=""propertyRow""><div class=""propertyLable"">Dimensions</div><div class=""propertyValue"">4.4 (cm) x 4.4 (cm) x 90 (cm)</div></div></div></div><div><h2>About Baidyanath Kanchanar Guggulu</h2>
<p>Kanchanar Guggulu is a conventional Ayurvedic recipe utilized for tending to profound kapha imbalances. Kanchanar is an astringent herb that assists with countering the moist, stale characteristics of kapha. At the point when blended in with triphala, trikatu, and guggulu it turns into an incredible detoxifying operator that expels abundance kapha from the tissues. In India, Kanchanar Guggulu is generally used to help the sound capacity of the Thyroid and to purge the lymphatic framework. It additionally limits the future accumulation of kapha by enkindling the stomach fire and advancing solid elimination.</p>
<h2>Ingredients used in Baidyanath Kanchanar Guggulu</h2>
<ul>
  <li>Medicinal Properties of Kanchnar guggulu</li>
  <li>Shunthi - Zingiber officinale</li>
  <li>Maricha - Piper nigrum</li>
  <li>Pippali - Piper longum</li>
  <li>Haritaki - Terminalia chebula</li>
  <li>Vibhitaki - Terminalia bellerica</li>
  <li>Amalaki - Embelica officinalis</li>
  <li>Varuna - Crataeva nurvala</li>
  <li>Tej Patra - Cinnamomum tamala</li>
  <li>Elaichi - Elletaria cardemomum</li>
  <li>Dalchini - Cinnamomum zeylanicum</li>
  <li>Suddha Guggulu - Commiphora mukul</li>
</ul>
<h2>Indications of Baidyanath Kanchanar Guggulu</h2>
<ul>
  <li>Hypothyroidism</li>
  <li>PCOS (Polycystic ovarian syndrome)</li>
  <li>Lipoma (tumors consisting of fatty tissue)</li>
  <li>Overweight</li>
  <li>Over growth</li>
  <li>Cysts</li>
  <li>Polycystic kidney disease</li>
  <li>Liver cysts</li>
  <li>Goiter</li>
  <li>Wounds</li>
  <li>Boils</li>
  <li>Fistula</li>
  <li>Skin diseases</li>
</ul>
<h2>Medicinal Properties of Baidyanath Kanchanar guggulu</h2>
<ul>
  <li>Anti-tumor</li>
  <li>Thyroid stimulant</li>
  <li>Anti-cancer</li>
  <li>Anti-mutagenic</li>
  <li>Analgesic</li>
  <li>Muscle relaxant</li>
  <li>Antioxidant</li>
  <li>Anti-inflammatory</li>
  <li>Antibacterial</li>
</ul>
<h2>Benefits &amp; Uses of Baidyanth Kanchanar Guggulu</h2>
<p>Kanchnar Guggulu is beneficial in the symptoms of the following diseases :-</p>
<h3>Uterine Fibroids</h3>
<p>Kanchnar Guggulu is an effective remedy for uterine fibroids. If patient does not have any symptom, but it is detected in ultrasonography.</p>
<h3>Hypothyroidism</h3>
<p>Kanchnar Guggulu is generally given along with Arogyavardhini vati, yogaraj guggulu or maha yograj Guggulu in hypothyroidism. It is believed that it activates the thyroid gland to normalize the hormonal secretion, so it is used in both cases hyperthyroidism as well as hypothyroidism. However, in hypothyroidism, the following combination works well</p>
<h3>PCOS (Polycystic ovarian syndrome)</h3>
<p>In PCOS, Vata and Kapha are two main herbs responsible for the symptoms of PCOS. Pitta can also be associated with other humors. It is the disease of PITTA, so we also have to consider Pitta in the condition of PCOS.</p>
<h3>Lipoma</h3>
<p>Kanchnar Guggulu is an excellent ayurvedic remedy for lipoma. It may help to reduce the size of fatty tissue tumor. It should be taken with Arogyavardhini vati.</p>
<h3>Low Weight Problem</h3>
<p>Kanchnar guggulu is frequently used for weight management associated with hypothyroidism. In fact, all ingredients in it are fat burners and correct metabolism in the body. Usually, this action is due to shuddha guggulu, Triphala, trikatu and varna.</p>
<h3>Swollen Lymph Nodes (lymphadenitis)</h3>
<p>Kanchnar guggulu is a drug of choice for enlarged lymph nodes. Enlargement of lymph nodes occurs due to bacterial or viral infection. It can occur on the neck, in the armpits and groin.</p>
<p>Kanchnar guggulu has anti-inflammatory, anti-viral and anti-bacterial action, so it is an effective Ayurvedic remedy for swollen lymph nodes.</p>
<h3>Nasal polyps</h3>
<p>Kanchnar guggul may help to reduce the size of nasal polyps and eases in breathing.</p>
<h3>Cancer</h3>
<p>Kanchnar Guggulu also helps along with other medicines in various types of cancer.</p>
<h3>Non-cancerous tumours</h3>
<p>Kanchnar guggulu is also useful in non-cancerous tumors.</p>
<h3>Polycystic kidney disease</h3>
<p>Kanchanar guggulu is helpful in polycystic kidney disease.</p>
<h2>Dosage of Baidyanath Kanchanar Guggulu</h2>
<ul>
  <li>The dosage of Kanchanar Guggulu tablets is 2 to 4 tablets twice or thrice a day with Triphala decoction or tea or luke warm water</li>
</ul>
<h2>Precautions to be taken while using Baidyanth Kanchanar Guggulu</h2>
<ul>
  <li>Use under clinical guidance</li>
  <li>Try not to exceed the recommended dose</li>
  <li>Keep away from the reach of children</li>
  <li>Read the directions carefully while using the product</li>
  <li>Keep the product in a cool and dry place away from sunlight and heat</li>
</ul>
<h2>Additional Information</h2>
<ul>
  <li>100% Genuine Product</li>
  <li>Results may vary with the lifestyle and diet adopted</li>
  <li>Pregnant &amp; lactating women should consult their doctor before taking any medication or health supplement</li>
  <li>Depending upon the lighting and screen resolution, the colour of the product may slightly vary</li>
</ul></div><div><h2>Terms and Conditions</h2><p>We have assumed that you  have consulted a physician before purchasing this medicine and are not self medicating.</p></div></div>",40,"[{""Question"":""During periods, this medicine can be taken?""},{""Question"":""I have ordered 5 bottle but I got only 4 bottles.""},{""Question"":""While using kanchnar Guggul can we use Gokharu Tablets  to cure PCOS?""},{""Question"":""How much dose can be taken for thaiorid""},{""Question"":""How to it consume? After food or before food""}]","[{""Answer"":""Yes you can...by Arun on Feb 27, 2022""},{""Answer"":""After food 2 tab twice daily with normal water.by Dr. Priyanka Kaushik on May 20, 2023""}]",4.3,https://static.oxinis.com/healthmug/image/brand/11-150.jpg,Baidyanath,4.4,4.4,90,[],[],[],[],"[{""Useful"":""Thyroid""}]",,
1690175664-2,https://www.healthmug.com/products/ayurveda/9,Sold OutNveda B Capsules (60caps)B capsules improve the overall well-being of the body 650 36045 %,https://www.healthmug.com/product/nveda-b-capsules-60caps/458063107,"[{""Category"":""Ayurveda""},{""Category"":""Medicines""}]",Nveda B Capsules (60caps),"[{""Image"":"""",""image_src"":""https://static.oxinis.com/healthmug/image/product/137897-1-30.webp""},{""Image"":"""",""image_src"":""https://static.oxinis.com/healthmug/image/product/137897-1-400.webp""}]",,650,360,45,"<div class=""productDetailFull""><div><h2>Also known as</h2><p>B capsules For Blood pressure</p></div><div><h2>Properties</h2><div class=""properties""><div class=""propertyRow""><div class=""propertyLable"">Weight</div><div class=""propertyValue"">45 (gms)</div></div><div class=""propertyRow""><div class=""propertyLable"">Dimensions</div><div class=""propertyValue"">4.6 (cm) x 4.6 (cm) x 8.8 (cm)</div></div></div></div><div><h2>About Nveda B Capsules</h2>
<p>Nveda B Capsules have been certified in accordance with the Ayurvedic Formulary of India's criteria and references, and have also been approved by AYUSH, the Ayurvedic Government Organisation for the regulation of Blood Pressure. 100% high-quality, all-natural herbs chosen from among those traditionally used for blood pressure and heart health. Sarpgandha, Punarnava, Goksura, Bhumyamalaki, Ashwagandha, Jatmansi, and Arjuna are among the ingredients. By combining components that are normally taken separately for Blood Pressure, the advantages of each can now be obtained in a single Capsule.</p>
<h2>Ingredient used in Nveda B Capsules </h2>
<ul>
  <li>Sarpgandha Root Powder</li>
  <li>Phyllanthus</li>
  <li>Boerhaavia</li>
  <li>Ashwagandha </li>
  <li>Tribulus Terrestris</li>
  <li>Nardostachys Jatamansi</li>
  <li>Arjuna</li>
</ul>
<h2>Benefits of Nveda B Capsules </h2>
<ul>
  <li>It is formulated using all-natural ingredients</li>
  <li>It can help to regulate the blood pressure of the body</li>
  <li>It might help to improve the overall well-being of the body</li>
</ul>
<h2>How to use Nveda B Capsules</h2>
<p>Take 1 - 2 capsules twice a day, or as directed by the physician.</p>
<h2>Side-Effects of Nveda B Capsules</h2>
<p>There are no side effects of Nveda B Capsules.</p>
<h2>Precautions to be taken while using Nveda B Capsules </h2>
<ul>
  <li>Keep away from children's reach</li>
  <li>Keep away from direct sunlight</li>
  <li>Store in a cool and dry place</li>
  <li>For external use only</li>
  <li>Read the label carefully</li>
</ul>
<h2>Additional Information</h2>
<ul>
  <li>100% Authentic Product</li>
  <li>The results will differ depending on the lifestyle and nutrition chosen</li>
  <li>The colour of the product may vary somewhat depending on lighting and screen resolution </li>
</ul></div><div><h2>Terms and Conditions</h2><p>We have assumed that you  have consulted a physician before purchasing this medicine and are not self medicating.</p></div></div>",45,"[{""Question"":""?? ??????? ?? ????? ??? ???? ?? ??? ???? ???? ?? . ???? ??? ????? ?? ???? .""},{""Question"":""My wife if daibetic for last 10 years and taking Alophatic drugs, Recently due to CKD she has been on Dailysis for last 4 months. She is also Hypertension with High BP, Can she take Naveda B- Capsule""},{""Question"":""When will I received my order""},{""Question"":""When will I received my order,your customer care did not received any call.""},{""Question"":""I had ordered 3 bottle why your team not responding""}]","[{""Answer"":""Plz contact to customer care regarding this issue.by Dr. Ravikant Sharma on Jul 21, 2023""},{""Answer"":""Plz contact to customer care regarding this issue.by Dr. Ravikant Sharma on Jul 23, 2023""},{""Answer"":""Plz contact to customer care regarding this issue.by Dr. Ravikant Sharma on Jul 23, 2023""}]",4,https://static.oxinis.com/healthmug/image/brand/1271-150.jpg,Nveda,4.6,4.6,8.8,[],[],[],[],[],,
1690175667-3,https://www.healthmug.com/products/ayurveda/9,Sold OutFolliboost Hair Treatment Tablets (30tab)Stop hair loss and regrow your hair with our all-natural formula 540,https://www.healthmug.com/product/folliboost-hair-treatment-tablets-30tab/408915861,"[{""Category"":""Ayurveda""},{""Category"":""Medicines""}]",Folliboost Hair Treatment Tablets (30tab),"[{""Image"":"""",""image_src"":""https://static.oxinis.com/healthmug/image/product/167933-1-30.webp""},{""Image"":"""",""image_src"":""https://static.oxinis.com/healthmug/image/product/167933-1-400.webp""}]",,,540,,"<div class=""productDetailFull""><div><h2>Also known as</h2><p>Prevent hair loss improve hair strength</p></div><div><h2>Properties</h2><div class=""properties""><div class=""propertyRow""><div class=""propertyLable"">Weight</div><div class=""propertyValue"">100 (gms)</div></div><div class=""propertyRow""><div class=""propertyLable"">Dimensions</div><div class=""propertyValue"">10 (cm) x 5 (cm) x 10 (cm)</div></div></div></div><div><h2>About Folliboost Hair Treatment Tablets</h2>
<p>Folliboost tablets contain a unique formula of Biotin, Calcium pantothenate, Copper, Selenium, Zinc, and N-Acetylcysteine. Folliboost is a dietary supplement for hair. It improves the hair structure, strengthens the hair, reduces hair fall and increases the resistance of the hair to mechanical, hair growth and chemical damage and damage caused by sunlight. Folliboost Hair Treatment Tablets contain biotin and vitamins which reduce hair fall and promote hair growth.</p>
<h2>Ingredients used in Folliboost Hair Treatment Tablets</h2>
<p>Some of the ingredients used in Folliboost Hair Treatment Tablets are as follows:</p>
<ul>
  <li>Biotin</li>
</ul>
<p>Biotin helps maintain many of your body's major systems. Like other B vitamins, biotin helps your body use enzymes and carry nutrients throughout the body.</p>
<ul>
  <li>Vitamins</li>
  <li>Minerals</li>
</ul>
<h2>Benefits of Folliboost Hair Treatment Tablets</h2>
<p>Some of the benefits of Folliboost Hair Treatment Tablets are enumerated here as follows:</p>
<ul>
  <li>Helps in the prevention of further hair loss and boosts hair growth </li>
  <li>Works by increasing blood flow to the hair follicles on your scalp, which prevents hair cell death and also enhances new hair growth</li>
  <li>Effective for baldness or thinning at the top of the scalp and increase hair growth </li>
</ul>
<h2>Dosage of Folliboost Hair Treatment Tablets</h2>
<p>To get the best results out of Folliboost Hair Treatment Tablets, follow the given instructions:</p>
<ul>
  <li>To be taken as mentioned on the label or as directed by your physician</li>
</ul>
<h2>Precautions to be taken while using Folliboost Hair Treatment Tablets</h2>
<p>Some of the steps to be taken for safety while using Folliboost Hair Treatment Tablets are:</p>
<ul>
  <li>Keep it out of the reach of children</li>
  <li>Kindly consult your physician before you use it</li>
  <li>Do not exceed the recommended usage</li>
  <li>Do not use it if any underlying condition exists</li>
  <li>For external use only</li>
  <li>This product is not intended to cure, treat, diagnose or prevent any diseases</li>
</ul>
<h2>Additional information</h2>
<ul>
  <li>The colour of the product may vary due to screen resolution or camera settings</li>
  <li>Keep it in a dry and cool place, away from direct sunlight</li>
</ul>
<h2>Country of Origin</h2>
<p>China</p>
<h2>Manufacturer's/Marketer's Address</h2>
<p>73Gr Floor Khatodara colony Ring Road, Surat-395003, Gujarat, India</p></div><div><h2>Terms and Conditions</h2><p>We have assumed that you  have consulted a physician before purchasing this medicine and are not self medicating.</p></div></div>",100,"[{""Question"":""Ordered the tablet it's been a week when it will be delivered.""},{""Question"":""Hi can u delivered me till 27 june.. Actually my old medicine has been finished. I neend this.  Thanku Ashish bhandari 9999689657""}]",[],4.9,https://static.oxinis.com/healthmug/image/brand/1757-150.jpg,Folliboost,10,5,10,[],[],[],[],"[{""Useful"":""Hair Fall""}]",,
1690175670-4,https://www.healthmug.com/products/ayurveda/9,"Sold OutDr Biswas Good Health Capsule (50caps, Pack of 2)Enhance your overall health and well-being with our powerful formula 278 2645 %",https://www.healthmug.com/product/dr-biswas-good-health-capsule-50caps-pack-of-2/1962202955,"[{""Category"":""Ayurveda""},{""Category"":""Medicines""}]","Dr Biswas Good Health Capsule (50caps, Pack of 2)","[{""Image"":"""",""image_src"":""https://static.oxinis.com/healthmug/image/product/167199-1-30.webp""},{""Image"":"""",""image_src"":""https://static.oxinis.com/healthmug/image/product/167199-1-400.webp""}]",,278,264,5,"<div class=""productDetailFull""><div><h2>Also known as</h2><p>For overall wellness Immunity booster improve digestion</p></div><div><h2>Properties</h2><div class=""properties""><div class=""propertyRow""><div class=""propertyLable"">Weight</div><div class=""propertyValue"">200 (gms)</div></div><div class=""propertyRow""><div class=""propertyLable"">Dimensions</div><div class=""propertyValue"">9 (cm) x 4 (cm) x 8 (cm)</div></div></div></div><div><h2>About Dr Biswas Good Health Capsule</h2>
<p>Dr Biswas's Good Health Capsule is a product that is known to improve the overall immunity of the body. It helps the body prevent chronic illness and muscle wasting. This product also helps to reduce weight and promotes overall digestive functions. Made with special attention for people looking to get their bulk on, this capsule enhances protein synthesis and athletic performance.</p>
<h2>Ingredients used in Dr Biswas Good Health Capsule</h2>
<ul>
  <li>Withania somnifera</li>
  <li>Hemidesmus indicus</li>
  <li>Vitis vinifera</li>
  <li>Asparagus racemosus</li>
  <li>Tribulus Terrestris</li>
  <li>Sodhit shilajit</li>
  <li>Banga</li>
  <li>Sodium benzoate</li>
  <li>Embellica officinalis</li>
  <li>Nordostachys jatamansi</li>
  <li>Glycirrhiza glabra</li>
  <li>Convoivulus pluricauilis</li>
  <li>Embelia ribes</li>
</ul>
<h2>Benefits of Dr Biswas Good Health Capsule</h2>
<ul>
  <li>It might help to reduce weight loss</li>
  <li>It may help to restore the appetite</li>
  <li>It might help to improve the immune system</li>
  <li>It may help to boost digestive functioning</li>
</ul>
<h2>Side effects of Dr Biswas Good Health Capsule</h2>
<p>There are no side effects of Dr Biswas Good Health Capsule.</p>
<h2>Precautions to be taken while using Dr Biswas Good Health Capsule</h2>
<ul>
  <li>Consult a physician before using this</li>
  <li>Do not exceed the daily prescribed limit</li>
  <li>Keep out of reach of children</li>
  <li>Store in a cool and dark place</li>
</ul>
<h2>Additional Information</h2>
<ul>
  <li>100% Genuine Product</li>
  <li>Results may vary with the lifestyle and diet adopted</li>
  <li>Pregnant and lactating women should consult their doctor before taking any medication</li>
  <li>Depending upon the lighting and screen resolution, the colour of the product may slightly vary</li>
</ul></div><div><h2>Terms and Conditions</h2><p>We have assumed that you  have consulted a physician before purchasing this medicine and are not self medicating.</p></div></div>",200,"[{""Question"":""Somehow I got duplicate items.. So please check the proudctus n ensure me..""},{""Question"":""Sorry  this product is cancel""},{""Question"":""12024));;; h jcufufufufufufufl""},{""Question"":""Kerala State Electricity Board""},{""Question"":""Sir ye orignal hi milega kyunki meesho pe aur amazone pe duplicate bhej diya .""}]","[{""Answer"":""Isme koi product nhi Àata h''' sb chutiyapa h...koi bhi bhai prdct nhi mngaeby Ramesh Choudhury on Jul 20, 2023""},{""Answer"":""Plz contact to customer care regarding this issue.by Dr. Ravikant Sharma on Jul 21, 2023""}]",3.1,https://static.oxinis.com/healthmug/image/brand/564-150.jpg,Dr Biswas,9,4,8,[],[],[],[],"[{""Useful"":""Indigestion/Acidity/Gas""}]",,
1690175670-5,https://www.healthmug.com/products/ayurveda/9,"Sold OutDr Biswas Good Health Capsule (50caps, Pack of 2)Enhance your overall health and well-being with our powerful formula 278 2645 %",https://www.healthmug.com/product/dr-biswas-good-health-capsule-50caps-pack-of-2/1962202955,"[{""Category"":""Ayurveda""},{""Category"":""Medicines""}]","Dr Biswas Good Health Capsule (50caps, Pack of 2)","[{""Image"":"""",""image_src"":""https://static.oxinis.com/healthmug/image/product/167199-1-30.webp""},{""Image"":"""",""image_src"":""https://static.oxinis.com/healthmug/image/product/167199-1-400.webp""}]",,278,264,5,"<div class=""productDetailFull""><div><h2>Also known as</h2><p>For overall wellness Immunity booster improve digestion</p></div><div><h2>Properties</h2><div class=""properties""><div class=""propertyRow""><div class=""propertyLable"">Weight</div><div class=""propertyValue"">200 (gms)</div></div><div class=""propertyRow""><div class=""propertyLable"">Dimensions</div><div class=""propertyValue"">9 (cm) x 4 (cm) x 8 (cm)</div></div></div></div><div><h2>About Dr Biswas Good Health Capsule</h2>
<p>Dr Biswas's Good Health Capsule is a product that is known to improve the overall immunity of the body. It helps the body prevent chronic illness and muscle wasting. This product also helps to reduce weight and promotes overall digestive functions. Made with special attention for people looking to get their bulk on, this capsule enhances protein synthesis and athletic performance.</p>
<h2>Ingredients used in Dr Biswas Good Health Capsule</h2>
<ul>
  <li>Withania somnifera</li>
  <li>Hemidesmus indicus</li>
  <li>Vitis vinifera</li>
  <li>Asparagus racemosus</li>
  <li>Tribulus Terrestris</li>
  <li>Sodhit shilajit</li>
  <li>Banga</li>
  <li>Sodium benzoate</li>
  <li>Embellica officinalis</li>
  <li>Nordostachys jatamansi</li>
  <li>Glycirrhiza glabra</li>
  <li>Convoivulus pluricauilis</li>
  <li>Embelia ribes</li>
</ul>
<h2>Benefits of Dr Biswas Good Health Capsule</h2>
<ul>
  <li>It might help to reduce weight loss</li>
  <li>It may help to restore the appetite</li>
  <li>It might help to improve the immune system</li>
  <li>It may help to boost digestive functioning</li>
</ul>
<h2>Side effects of Dr Biswas Good Health Capsule</h2>
<p>There are no side effects of Dr Biswas Good Health Capsule.</p>
<h2>Precautions to be taken while using Dr Biswas Good Health Capsule</h2>
<ul>
  <li>Consult a physician before using this</li>
  <li>Do not exceed the daily prescribed limit</li>
  <li>Keep out of reach of children</li>
  <li>Store in a cool and dark place</li>
</ul>
<h2>Additional Information</h2>
<ul>
  <li>100% Genuine Product</li>
  <li>Results may vary with the lifestyle and diet adopted</li>
  <li>Pregnant and lactating women should consult their doctor before taking any medication</li>
  <li>Depending upon the lighting and screen resolution, the colour of the product may slightly vary</li>
</ul></div><div><h2>Terms and Conditions</h2><p>We have assumed that you  have consulted a physician before purchasing this medicine and are not self medicating.</p></div></div>",200,"[{""Question"":""Somehow I got duplicate items.. So please check the proudctus n ensure me..""},{""Question"":""Sorry  this product is cancel""},{""Question"":""12024));;; h jcufufufufufufufl""},{""Question"":""Kerala State Electricity Board""},{""Question"":""Sir ye orignal hi milega kyunki meesho pe aur amazone pe duplicate bhej diya .""}]","[{""Answer"":""Isme koi product nhi Àata h''' sb chutiyapa h...koi bhi bhai prdct nhi mngaeby Ramesh Choudhury on Jul 20, 2023""},{""Answer"":""Plz contact to customer care regarding this issue.by Dr. Ravikant Sharma on Jul 21, 2023""}]",3.1,https://static.oxinis.com/healthmug/image/brand/564-150.jpg,Dr Biswas,9,4,8,[],[],[],[],"[{""Useful"":""Indigestion/Acidity/Gas""}]",,
1690175670-6,https://www.healthmug.com/products/ayurveda/9,"Sold OutDr Biswas Good Health Capsule (50caps, Pack of 2)Enhance your overall health and well-being with our powerful formula 278 2645 %",https://www.healthmug.com/product/dr-biswas-good-health-capsule-50caps-pack-of-2/1962202955,"[{""Category"":""Ayurveda""},{""Category"":""Medicines""}]","Dr Biswas Good Health Capsule (50caps, Pack of 2)","[{""Image"":"""",""image_src"":""https://static.oxinis.com/healthmug/image/product/167199-1-30.webp""},{""Image"":"""",""image_src"":""https://static.oxinis.com/healthmug/image/product/167199-1-400.webp""}]",,278,264,5,"<div class=""productDetailFull""><div><h2>Also known as</h2><p>For overall wellness Immunity booster improve digestion</p></div><div><h2>Properties</h2><div class=""properties""><div class=""propertyRow""><div class=""propertyLable"">Weight</div><div class=""propertyValue"">200 (gms)</div></div><div class=""propertyRow""><div class=""propertyLable"">Dimensions</div><div class=""propertyValue"">9 (cm) x 4 (cm) x 8 (cm)</div></div></div></div><div><h2>About Dr Biswas Good Health Capsule</h2>
<p>Dr Biswas's Good Health Capsule is a product that is known to improve the overall immunity of the body. It helps the body prevent chronic illness and muscle wasting. This product also helps to reduce weight and promotes overall digestive functions. Made with special attention for people looking to get their bulk on, this capsule enhances protein synthesis and athletic performance.</p>
<h2>Ingredients used in Dr Biswas Good Health Capsule</h2>
<ul>
  <li>Withania somnifera</li>
  <li>Hemidesmus indicus</li>
  <li>Vitis vinifera</li>
  <li>Asparagus racemosus</li>
  <li>Tribulus Terrestris</li>
  <li>Sodhit shilajit</li>
  <li>Banga</li>
  <li>Sodium benzoate</li>
  <li>Embellica officinalis</li>
  <li>Nordostachys jatamansi</li>
  <li>Glycirrhiza glabra</li>
  <li>Convoivulus pluricauilis</li>
  <li>Embelia ribes</li>
</ul>
<h2>Benefits of Dr Biswas Good Health Capsule</h2>
<ul>
  <li>It might help to reduce weight loss</li>
  <li>It may help to restore the appetite</li>
  <li>It might help to improve the immune system</li>
  <li>It may help to boost digestive functioning</li>
</ul>
<h2>Side effects of Dr Biswas Good Health Capsule</h2>
<p>There are no side effects of Dr Biswas Good Health Capsule.</p>
<h2>Precautions to be taken while using Dr Biswas Good Health Capsule</h2>
<ul>
  <li>Consult a physician before using this</li>
  <li>Do not exceed the daily prescribed limit</li>
  <li>Keep out of reach of children</li>
  <li>Store in a cool and dark place</li>
</ul>
<h2>Additional Information</h2>
<ul>
  <li>100% Genuine Product</li>
  <li>Results may vary with the lifestyle and diet adopted</li>
  <li>Pregnant and lactating women should consult their doctor before taking any medication</li>
  <li>Depending upon the lighting and screen resolution, the colour of the product may slightly vary</li>
</ul></div><div><h2>Terms and Conditions</h2><p>We have assumed that you  have consulted a physician before purchasing this medicine and are not self medicating.</p></div></div>",200,"[{""Question"":""Somehow I got duplicate items.. So please check the proudctus n ensure me..""},{""Question"":""Sorry  this product is cancel""},{""Question"":""12024));;; h jcufufufufufufufl""},{""Question"":""Kerala State Electricity Board""},{""Question"":""Sir ye orignal hi milega kyunki meesho pe aur amazone pe duplicate bhej diya .""}]","[{""Answer"":""Isme koi product nhi Àata h''' sb chutiyapa h...koi bhi bhai prdct nhi mngaeby Ramesh Choudhury on Jul 20, 2023""},{""Answer"":""Plz contact to customer care regarding this issue.by Dr. Ravikant Sharma on Jul 21, 2023""}]",3.1,https://static.oxinis.com/healthmug/image/brand/564-150.jpg,Dr Biswas,9,4,8,[],[],[],[],"[{""Useful"":""Indigestion/Acidity/Gas""}]",           4x50, 400
1690175673-7,https://www.healthmug.com/products/ayurveda/9,Sold OutGreen Milk Bestlin Liniment (90ml)Natural and effective liniment for joint pains and Say No to Joint and Muscle Pain. 230,https://www.healthmug.com/product/green-milk-bestlin-liniment-90ml/1250213904,"[{""Category"":""Ayurveda""},{""Category"":""Medicines""}]",Green Milk Bestlin Liniment (90ml),"[{""Image"":"""",""image_src"":""https://static.oxinis.com/healthmug/image/product/110771-2-30.webp""},{""Image"":"""",""image_src"":""https://static.oxinis.com/healthmug/image/product/110771-2-400.webp""}]",,,230,,"<div class=""productDetailFull""><div><h2>Also known as</h2><p>For joint pain Remedy for muscle pain</p></div><div><h2>About Green Milk Bestlin Liniment</h2>
<p>Green Milk Bestlin Liniment is now your one-stop relief for all joint pain, backache, knee pain and shoulder pain. Green Milk Bestlin Liniment is an Ayurvedic-based external application oil that is safe to use on muscles and joints. Green Milk Bestlin Liniment relieves you from inflammatory conditions of the joints and joint immobility and improves the movements of the joints naturally and effectively.</p>
<h3>Ingredient used in Green Milk<strong> </strong>Bestlin Liniment</h3>
<p>Green Milk Bestlin Liniment contains the following ingredients:</p>
<ul>
  <li>Mahanarayan tel</li>
  <li>Vatanashak tel</li>
  <li>Deodar oil</li>
  <li>Nilgiri tel</li>
  <li>Gandhapura tel</li>
  <li>Tarpain tel</li>
  <li>Mash tel</li>
  <li>Karpoor</li>
</ul>
<h3>Indication for Use of Green Milk Bestlin Liniment</h3>
<ul>
  <li>Joint pain</li>
  <li>Backache</li>
  <li>Shoulder pain</li>
  <li>Sciatica</li>
  <li>Lumbago Muscular sprains</li>
  <li>Inflammatory conditions of joints and immobility of joints</li>
</ul>
<h3>Mode of Action Green Milk Bestlin Liniment</h3>
<ul>
  <li>Provides analgesic, anti-rheumatic, anti-inflammatory, rubefacient, anti-spasmodic, anti-neuralgic and counter-irritant effects</li>
  <li>Improves flexibility and nourishes the muscles and nerves</li>
  <li>Relieves muscle spasms and nervous debility</li>
</ul>
<h3>Benefits of Green Milk<strong> </strong>Bestlin Liniment</h3>
<ul>
  <li>Improves Flexibility – Joint pain kills flexibility of the ligaments and muscles around the joint restricting your mobility. Working as a lubricator that the skin naturally absorbs, Green Milk<strong> </strong>Bestlin Liniment relieves your muscles and joints from pain.</li>
  <li>Nourishes – The Ayurvedic herbs in Green Milk<strong> </strong>Bestlin Liniment, nourishes that part of the body, protecting you from muscle spasm, and working as a perfect massage liquid in the targeted areas of muscle and joint tension.</li>
  <li>Safe and Natural – From the experts in Ayurveda and Herbal care Green Milk<strong> </strong>Bestlin Liniment is tested to have no drug reactions or side effects. Green Milk<strong> </strong>Bestlin Liniment’s Analgesic, Anti-inflammatory, anti-rheumatic, anti-spasmodic and anti-neuralgic properties make it the best pain relief option for Sciatica, shoulder pain, lumbar pain and knee joint pain.</li>
</ul>
<h3>Usage of Green Milk<strong> </strong>Bestlin Liniment</h3>
<p>Apply adequate quantity and massage on the affected area and repeat the application when required or as prescribed by your physician.</p>
<h3>Storage of Green Milk<strong> </strong>Bestlin Liniment</h3>
<ul>
  <li>Always keep medicines in their original containers</li>
  <li>Keep medicines out of the reach of children</li>
  <li>Pregnant women should consult their doctors before taking any supplements.</li>
  <li>Store in a cool dry place, unless advised differently</li>
  <li>Read and follow the directions on the label</li>
  <li>Dispose of unwanted medicines regularly and safely.</li>
</ul></div><div><h2>Terms and Conditions</h2><p>We have assumed that you  have consulted a physician before purchasing this medicine and are not self medicating.</p></div></div>",,"[{""Question"":""Green Milk Bestlin Liniment (90ml) please describe expiary of the product?""}]",[],5,https://static.oxinis.com/healthmug/image/brand/730-150.jpg,Green Milk,,,,"[{""Review_text"":""bought this Contoured Cervical Pillow from TYNOR about a week ago as I have a cervical problem. I can't express the amount of comfort and relief I am experiencing since then. Since this pillow has dua""}]","[{""Reviewer_name"":""by Shaik sharuk on Jun 14, 2023""}]","[{""Review_Hadline"":""R about a weehe amount of comfort and relief I am experiencing since tby Shaik sharuk on Jun 14, 2023""}]","[{""Date"":""by Shaik sharuk on Jun 14, 2023""}]","[{""Useful"":""Back & Knee Pain""}]",50,170
1690175673-8,https://www.healthmug.com/products/ayurveda/9,Sold OutGreen Milk Bestlin Liniment (90ml)Natural and effective liniment for joint pains and Say No to Joint and Muscle Pain. 230,https://www.healthmug.com/product/green-milk-bestlin-liniment-90ml/1250213904,"[{""Category"":""Ayurveda""},{""Category"":""Medicines""}]",Green Milk Bestlin Liniment (90ml),"[{""Image"":"""",""image_src"":""https://static.oxinis.com/healthmug/image/product/110771-2-30.webp""},{""Image"":"""",""image_src"":""https://static.oxinis.com/healthmug/image/product/110771-2-400.webp""}]",,,230,,"<div class=""productDetailFull""><div><h2>Also known as</h2><p>For joint pain Remedy for muscle pain</p></div><div><h2>About Green Milk Bestlin Liniment</h2>
<p>Green Milk Bestlin Liniment is now your one-stop relief for all joint pain, backache, knee pain and shoulder pain. Green Milk Bestlin Liniment is an Ayurvedic-based external application oil that is safe to use on muscles and joints. Green Milk Bestlin Liniment relieves you from inflammatory conditions of the joints and joint immobility and improves the movements of the joints naturally and effectively.</p>
<h3>Ingredient used in Green Milk<strong> </strong>Bestlin Liniment</h3>
<p>Green Milk Bestlin Liniment contains the following ingredients:</p>
<ul>
  <li>Mahanarayan tel</li>
  <li>Vatanashak tel</li>
  <li>Deodar oil</li>
  <li>Nilgiri tel</li>
  <li>Gandhapura tel</li>
  <li>Tarpain tel</li>
  <li>Mash tel</li>
  <li>Karpoor</li>
</ul>
<h3>Indication for Use of Green Milk Bestlin Liniment</h3>
<ul>
  <li>Joint pain</li>
  <li>Backache</li>
  <li>Shoulder pain</li>
  <li>Sciatica</li>
  <li>Lumbago Muscular sprains</li>
  <li>Inflammatory conditions of joints and immobility of joints</li>
</ul>
<h3>Mode of Action Green Milk Bestlin Liniment</h3>
<ul>
  <li>Provides analgesic, anti-rheumatic, anti-inflammatory, rubefacient, anti-spasmodic, anti-neuralgic and counter-irritant effects</li>
  <li>Improves flexibility and nourishes the muscles and nerves</li>
  <li>Relieves muscle spasms and nervous debility</li>
</ul>
<h3>Benefits of Green Milk<strong> </strong>Bestlin Liniment</h3>
<ul>
  <li>Improves Flexibility – Joint pain kills flexibility of the ligaments and muscles around the joint restricting your mobility. Working as a lubricator that the skin naturally absorbs, Green Milk<strong> </strong>Bestlin Liniment relieves your muscles and joints from pain.</li>
  <li>Nourishes – The Ayurvedic herbs in Green Milk<strong> </strong>Bestlin Liniment, nourishes that part of the body, protecting you from muscle spasm, and working as a perfect massage liquid in the targeted areas of muscle and joint tension.</li>
  <li>Safe and Natural – From the experts in Ayurveda and Herbal care Green Milk<strong> </strong>Bestlin Liniment is tested to have no drug reactions or side effects. Green Milk<strong> </strong>Bestlin Liniment’s Analgesic, Anti-inflammatory, anti-rheumatic, anti-spasmodic and anti-neuralgic properties make it the best pain relief option for Sciatica, shoulder pain, lumbar pain and knee joint pain.</li>
</ul>
<h3>Usage of Green Milk<strong> </strong>Bestlin Liniment</h3>
<p>Apply adequate quantity and massage on the affected area and repeat the application when required or as prescribed by your physician.</p>
<h3>Storage of Green Milk<strong> </strong>Bestlin Liniment</h3>
<ul>
  <li>Always keep medicines in their original containers</li>
  <li>Keep medicines out of the reach of children</li>
  <li>Pregnant women should consult their doctors before taking any supplements.</li>
  <li>Store in a cool dry place, unless advised differently</li>
  <li>Read and follow the directions on the label</li>
  <li>Dispose of unwanted medicines regularly and safely.</li>
</ul></div><div><h2>Terms and Conditions</h2><p>We have assumed that you  have consulted a physician before purchasing this medicine and are not self medicating.</p></div></div>",,"[{""Question"":""Green Milk Bestlin Liniment (90ml) please describe expiary of the product?""}]",[],5,https://static.oxinis.com/healthmug/image/brand/730-150.jpg,Green Milk,,,,"[{""Review_text"":""bought this Contoured Cervical Pillow from TYNOR about a week ago as I have a cervical problem. I can't express the amount of comfort and relief I am experiencing since then. Since this pillow has dua""}]","[{""Reviewer_name"":""by Shaik sharuk on Jun 14, 2023""}]","[{""Review_Hadline"":""R about a weehe amount of comfort and relief I am experiencing since tby Shaik sharuk on Jun 14, 2023""}]","[{""Date"":""by Shaik sharuk on Jun 14, 2023""}]","[{""Useful"":""Back & Knee Pain""}]",90,230
1690175676-9,https://www.healthmug.com/products/ayurveda/9,"Sold OutSBL Diaboherb Capsules (1Box) (100tab)Maintain Blood Sugar, Weakness and Cramps 450 4324 %",https://www.healthmug.com/product/sbl-diaboherb-capsules-1box-100tab/673330029,"[{""Category"":""Ayurveda""},{""Category"":""Medicines""}]",SBL Diaboherb Capsules (1Box) (100tab),"[{""Image"":"""",""image_src"":""https://static.oxinis.com/healthmug/image/product/527-1-30.webp""},{""Image"":"""",""image_src"":""https://static.oxinis.com/healthmug/image/product/527-1-400.webp""},{""Image"":"""",""image_src"":""https://static.oxinis.com/healthmug/image/product/527-1-80.webp""},{""Image"":"""",""image_src"":""https://static.oxinis.com/healthmug/image/product/527-1-80.webp""}]",,450,432,4,"<div class=""productDetailFull""><div><h2>Also known as</h2><p>Diaboherb cap Capsules for diabetes For weakness</p></div><div><h2>Properties</h2><div class=""properties""><div class=""propertyRow""><div class=""propertyLable"">Weight</div><div class=""propertyValue"">100 (gms)</div></div><div class=""propertyRow""><div class=""propertyLable"">Dimensions</div><div class=""propertyValue"">8.5 (cm) x 6 (cm) x 8.5 (cm)</div></div></div></div><div><h2>About SBL Diaboherb Capsules</h2>
<p>SBL's Diaboherb stimulates pancreatic cells to produce more insulin, hence regulating blood sugar levels. Diaboherb by SBL is used for frequent urination, increased thirst, increased appetite, and diabetes-related cardiac problems. Causes significant reduction and elimination of sugar in the urine. Weakness and emaciation. I'm thirsty and my mouth is parched. A big quantity of urine with a high specific gravity. Skin ulcers that have been present for a long time. An excellent treatment for high blood sugar levels accompanied by extreme thirst and mouth dryness.</p>
<h2>Ingredient used in SBL Diaboherb Capsules</h2>
<ul>
  <li>Syzygium cumini.</li>
  <li>Gymnema Sylvestre</li>
  <li>Coccinia indica</li>
  <li>Crataegus oxycantha</li>
  <li>Abroma Augusta</li>
</ul>
<h2>Benefits of SBL Diaboherb Capsules </h2>
<ul>
  <li>It may help to manage the blood sugar levels</li>
  <li>It might help to provide relief in case of frequent urination, increased thirst, and appetite</li>
  <li>It may help to increase the production of insulin</li>
  <li>It might help to lower blood sugar in patients with genetic causes and excess weight</li>
  <li>To stimulate beta cells to produce appropriate levels</li>
</ul>
<h2>How to use SBL Diaboherb Capsules</h2>
<p>Use as directed on the label.</p>
<h2>Side-Effects of SBL Diaboherb Capsules</h2>
<p>There are no side effects of SBL Diaboherb Capsules.</p>
<h2>Precautions to be taken while using SBL Diaboherb Capsules</h2>
<ul>
  <li>Keep away from children's reach</li>
  <li>Keep away from direct sunlight</li>
  <li>Store in a cool and dry place</li>
  <li>For external use only</li>
  <li>Read the label carefully</li>
</ul>
<h2>Additional Information</h2>
<ul>
  <li>100% Authentic Product</li>
  <li>The results will differ depending on the lifestyle and nutrition chosen</li>
  <li>The colour of the product may vary somewhat depending on lighting and screen resolution </li>
</ul></div><div><h2>Terms and Conditions</h2><p>We have assumed that you  have consulted a physician before purchasing this medicine and are not self medicating.</p></div></div>",100,"[{""Question"":""I am 50 yrs old, Diabetic since last ten year. Can I use Diaboherb Capsules? Does it have any side effects?""},{""Question"":""When do we take Capsule before or after meals?""},{""Question"":""I am 37 year old and diabetic since 2 years. I am taking metformin 500mg + Sitagliptin 50mg twice daily. Can I take SBL Diaboherb Capsules with which medications I am taking already to reduce BS?""},{""Question"":""Should i take one pill of Diaboherb Capsules at a time?""},{""Question"":""I am diabetic patient from 1yr, i take glycomet 500mg daily 2 tab , after taken med my blood sugar level normal, so how take dibonil tab +diboherb cap daily.""}]","[{""Answer"":""Yes, you can take Diaboherb Capsules One Capsule 3 times daily. It does not have any side effects.by Dr. Anamika Mitra on May 28, 2019""},{""Answer"":""You can take either before or after meals, keep an interval of at least 20 minutes between food and medicines.by Dr. Pednekar on Oct 28, 2019""},{""Answer"":""Yes, you can take SBL Diaboherb Capsules.by Dr. Pednekar on Apr 24, 2020""},{""Answer"":""You can take 1 capsule of Diaboherb Capsules half hour before meal.by Dr. Pednekar on Apr 29, 2020""},{""Answer"":""Take 4 tablets - before the meal 2 times in a day.by Dr. Arundhati Karanji on Dec 17, 2021""}]",3,https://static.oxinis.com/healthmug/image/brand/3-150.jpg,SBL,8.5,6,8.5,"[{""Review_text"":""Box seal missing & one strip is less. Raised return request & refund but no reply.This is clearly a case of intentional tampering at dealer end. Why Healthmug is giving resolution and arranging refund""},{""Review_text"":""This medicine is making my stone like belly region soft. Working well with all complications around diabetis. No side effects as found in metformin. Do not trust allopathic medicine medical mafia.""},{""Review_text"":""Good product... no side effects.... normal cost""}]","[{""Reviewer_name"":""by HPSIngh on Jul 20, 2023""},{""Reviewer_name"":""by Sridhara babu on Jul 12, 2023""},{""Reviewer_name"":""by RAGUNATH on Oct 18, 2019""}]","[{""Review_Hadline"":""Received only 9 strips against 10 strips in a box of 10x10 capsuleby HPSIngh on Jul 20, 2023""},{""Review_Hadline"":""Best for diabetics and related problemsby Sridhara babu on Jul 12, 2023""},{""Review_Hadline"":""Good deliveryby RAGUNATH on Oct 18, 2019""}]","[{""Date"":""by HPSIngh on Jul 20, 2023""},{""Date"":""by Sridhara babu on Jul 12, 2023""},{""Date"":""by RAGUNATH on Oct 18, 2019""}]","[{""Useful"":""Diabetes""}]",,
1690175679-10,https://www.healthmug.com/products/ayurveda/9,"Sold OutBaidyanath Chandraprabha Bati (80tab)For urinary tract disorders like (UTI), any bladder-related issues, muscle and joint pain and general weakness. 139 1325 %",https://www.healthmug.com/product/baidyanath-chandraprabha-bati-80tab/1293028854,"[{""Category"":""Ayurveda""},{""Category"":""Vati, Gutika & Guggulu""}]",Baidyanath Chandraprabha Bati (80tab),"[{""Image"":"""",""image_src"":""https://static.oxinis.com/healthmug/image/product/5958-3-30.webp""},{""Image"":"""",""image_src"":""https://static.oxinis.com/healthmug/image/product/5958-3-400.webp""}]",,139,132,5,"<div class=""productDetailFull""><div><h2>Also known as</h2><p>Chandraprabha Bati</p></div><div><h2>Properties</h2><div class=""properties""><div class=""propertyRow""><div class=""propertyLable"">Weight</div><div class=""propertyValue"">44 (gms)</div></div><div class=""propertyRow""><div class=""propertyLable"">Dimensions</div><div class=""propertyValue"">4.4 (cm) x 4.4 (cm) x 90 (cm)</div></div></div></div><div><h2>About Baidyanath Chandraprabha Vati</h2>
<p>Chandraprabha Vati (also called Chandraprabha Gulika and Chandraprabha Vatika) is an ayurvedic classical medicine helpful for overcoming symptoms of diseases of the kidneys, bladder, urinary tract, pancreas, bones, joints, and thyroid gland. It is also recommended in the management of diabetes, men’s problems, women’s problems and mental disorders. Chandraprabha Vati is beneficial for difficulty in urination, kidney stones, frequent urination, urinary incontinence, prostate enlargement, male infertility, impotency, nightfall, diabetes, painful periods (dysmenorrhea), Oligomenorrhea, amenorrhea, polycystic ovarian disease, anxiety, mental stress, and depression.</p>
<h2>Indications of Baidyanath Chandraprabha Vati</h2>
<ul>
  <li>General Debility &amp; Fatigue</li>
  <li>Mental Fatigue &amp; Stress</li>
  <li>High Blood Pressure &amp; Tachycardia</li>
  <li>Gout &amp; Raised Uric Acid Level</li>
  <li>Arthritis</li>
  <li>Amenorrhea, Oligomenorrhea &amp; Dysmenorrhea</li>
  <li>Excessive Uterine Bleeding &amp; Uterine Polyp</li>
  <li>Polycystic Ovarian Syndrome (PCOS)</li>
  <li>Habitual Miscarriage</li>
  <li>Oligospermia, Impotence &amp; Erectile dysfunction</li>
  <li>Frequent Urination &amp; Urinary Incontinence</li>
  <li>Albuminuria (Proteinuria)</li>
  <li>Glycosuria</li>
  <li>Chronic Kidney Disease</li>
  <li>Kidney Stones</li>
  <li>Polycystic kidney disease (PKD)</li>
</ul>
<h2>Ingredients of Baidyanath Chandraprabha Vati</h2>
<ul>
  <li>Aconitum heterophyllum-Ativisha</li>
  <li>Acorus Calamus-Sweet Flag or Calamus or Vacha</li>
  <li>Andrographis paniculata-Bhunimba</li>
  <li>Berberis aristata-Tree Turmeric</li>
  <li>Cedrus Deodara-Himalayan Cedar bark, Devdaru</li>
  <li>Coriandrum sativum-Coriander seeds</li>
  <li>Curcuma Longa-Turmeric, Haldi</li>
  <li>Cinnamomum Camphora-Camphor (Kapur)</li>
  <li>Cyperus rotundus-Nut grass (root) or Mustak</li>
  <li>Embelia ribes-False black pepper (Vidang)</li>
  <li>Emblica officinalis-Indian gooseberry fruit (Amla)</li>
  <li>Piper Chaba Seeds-Java Long Pepper, Chavya</li>
  <li>Piper Chaba Fruit-Java Long pepper fruit, Gajapipali</li>
  <li>Piper Longum-Long pepper (Pippali)</li>
  <li>Piper Longum-Long Pepper root (Piplamool)</li>
  <li>Piper Nigrum-Black pepper (Kali Mirch)</li>
  <li>Plumbago zeylanica-Lead Wort (root), Chitraka</li>
  <li>Tinospora cordifolia (Guduchi)-Giloy</li>
  <li>Terminalia Chebula-Chebulic Myrobalan, Haritaki</li>
  <li>Terminalia Bellirica-Belliric Myrobalan, Vibhitaki</li>
  <li>Zingiber Officinale-Ginger, Shunti</li>
  <li>Baliospermum montanum-Dantimool</li>
  <li>Bambusa bambos-Bamboo manna, Banslochan</li>
  <li>Cinnamomum tamala-Patra</li>
  <li>Cinnamomum zeylanicum-Cinnamon</li>
  <li>Elettaria cardamomum-Cardamom seeds</li>
  <li>Operculina turpethum-Trivrit</li>
  <li>Commiphora mukul-Shuddha Guggulu</li>
</ul>
<h2>Benefits of Baidyanath Chandraprabha Vati</h2>
<ul>
  <li>It may help to reduce reproductive system-related problems</li>
  <li>It may be helpful in removing harmful AMA (i.e., toxins) like urea, creatinine and uric acid from the body</li>
  <li>It might help to reduce urinary tract infections and related troubles</li>
  <li>Helpful in weakness, pain in legs, back and neck, anaemia and vertigo</li>
  <li>Helps in the </li>
  <li>healthy functioning of the kidney by maintaining the healthy uric acid level in the kidneys</li>
</ul>
<h2>Dosage of Baidyanath Chandraprabha Vati</h2>
<p>Take 1 – 2 tablets twice or thrice a day, before or after food or as directed by an Ayurvedic doctor.</p>
<h2>Side effects of Baidyanath Chandraprabha Vati</h2>
<ul>
  <li>People with high BP should take this medicine only under medical care since this medicine contains salt as an ingredient.</li>
  <li>Over-dosage may cause a slight burning sensation in the abdomen.</li>
  <li>Keep out of reach and sight of children.</li>
  <li>Store in a cool dry place.</li>
</ul></div><div><h2>Terms and Conditions</h2><p>We have assumed that you  have consulted a physician before purchasing this medicine and are not self medicating.</p></div></div>",44,"[{""Question"":""Can I take this along with Fortege Alarsin and Manmath Ras for premature ejaculation?""},{""Question"":""Is it may consume sole for premature ejaculation and sexual weeknes.""},{""Question"":""How to use each day tablets""},{""Question"":""Night fall ki dawa hai ye""},{""Question"":""Cancel order product""}]","[{""Answer"":""yes. But do consult your doctor before consuming . as it might not help in your disease and cause side effects due to any pre - exsisting conditionby ananya on Mar 13, 2021""},{""Answer"":""Well the proper treatment includes detailed history, proper investigations and the duration of the complaint etc. Hence Kindly take ayurveda consultation on healthmug.com so that proper history can be taken and accurate treatment can be given.by Dr. Aman negi on Jan 20, 2022""},{""Answer"":""Kindly take up a consultation with an Ayurvedic doctor on the Healthmug app as symptoms need to be consulted first.by Manisha Bilonia on Oct 21, 2022""}]",4,https://static.oxinis.com/healthmug/image/brand/11-150.jpg,Baidyanath,4.4,4.4,90,"[{""Review_text"":""I am a regular user of this medicine for the past 12 years for chronic constipation. I find this medicine useful without any complication. I also recommend the same for needy.""},{""Review_text"":""Delivered at the township gate not at the quarter . Misplaced but I got the medicine""},{""Review_text"":""DTDC COURIER refused to deliver the parcel at home address.""},{""Review_text"":""My Hb1AC has fallen from 7.3 to 6.6 in 20 days""},{""Review_text"":""My urine disease will be cured.""}]","[{""Reviewer_name"":""by Kota Venkata Sivakumar on Dec 25, 2019""},{""Reviewer_name"":""by Syed on Sep 13, 2022""},{""Reviewer_name"":""by SANDEEP TYAGI on Jun 06, 2023""},{""Reviewer_name"":""by Rajanish Saxena on Jul 10, 2017""},{""Reviewer_name"":""by Imran Momin on Jul 17, 2022""}]","[{""Review_Hadline"":""Panchasakar churanby Kota Venkata Sivakumar on Dec 25, 2019""},{""Review_Hadline"":""Delivered at wrong place but received laterby Syed on Sep 13, 2022""},{""Review_Hadline"":""DTDC COURIER refused to deliver the parcel at home address.by SANDEEP TYAGI on Jun 06, 2023""},{""Review_Hadline"":""Working wellby Rajanish Saxena on Jul 10, 2017""},{""Review_Hadline"":""Awesome results.by Imran Momin on Jul 17, 2022""}]","[{""Date"":""by Kota Venkata Sivakumar on Dec 25, 2019""},{""Date"":""by Syed on Sep 13, 2022""},{""Date"":""by SANDEEP TYAGI on Jun 06, 2023""},{""Date"":""by Rajanish Saxena on Jul 10, 2017""},{""Date"":""by Imran Momin on Jul 17, 2022""}]",[],20,46
1690175679-11,https://www.healthmug.com/products/ayurveda/9,"Sold OutBaidyanath Chandraprabha Bati (80tab)For urinary tract disorders like (UTI), any bladder-related issues, muscle and joint pain and general weakness. 139 1325 %",https://www.healthmug.com/product/baidyanath-chandraprabha-bati-80tab/1293028854,"[{""Category"":""Ayurveda""},{""Category"":""Vati, Gutika & Guggulu""}]",Baidyanath Chandraprabha Bati (80tab),"[{""Image"":"""",""image_src"":""https://static.oxinis.com/healthmug/image/product/5958-3-30.webp""},{""Image"":"""",""image_src"":""https://static.oxinis.com/healthmug/image/product/5958-3-400.webp""}]",,139,132,5,"<div class=""productDetailFull""><div><h2>Also known as</h2><p>Chandraprabha Bati</p></div><div><h2>Properties</h2><div class=""properties""><div class=""propertyRow""><div class=""propertyLable"">Weight</div><div class=""propertyValue"">44 (gms)</div></div><div class=""propertyRow""><div class=""propertyLable"">Dimensions</div><div class=""propertyValue"">4.4 (cm) x 4.4 (cm) x 90 (cm)</div></div></div></div><div><h2>About Baidyanath Chandraprabha Vati</h2>
<p>Chandraprabha Vati (also called Chandraprabha Gulika and Chandraprabha Vatika) is an ayurvedic classical medicine helpful for overcoming symptoms of diseases of the kidneys, bladder, urinary tract, pancreas, bones, joints, and thyroid gland. It is also recommended in the management of diabetes, men’s problems, women’s problems and mental disorders. Chandraprabha Vati is beneficial for difficulty in urination, kidney stones, frequent urination, urinary incontinence, prostate enlargement, male infertility, impotency, nightfall, diabetes, painful periods (dysmenorrhea), Oligomenorrhea, amenorrhea, polycystic ovarian disease, anxiety, mental stress, and depression.</p>
<h2>Indications of Baidyanath Chandraprabha Vati</h2>
<ul>
  <li>General Debility &amp; Fatigue</li>
  <li>Mental Fatigue &amp; Stress</li>
  <li>High Blood Pressure &amp; Tachycardia</li>
  <li>Gout &amp; Raised Uric Acid Level</li>
  <li>Arthritis</li>
  <li>Amenorrhea, Oligomenorrhea &amp; Dysmenorrhea</li>
  <li>Excessive Uterine Bleeding &amp; Uterine Polyp</li>
  <li>Polycystic Ovarian Syndrome (PCOS)</li>
  <li>Habitual Miscarriage</li>
  <li>Oligospermia, Impotence &amp; Erectile dysfunction</li>
  <li>Frequent Urination &amp; Urinary Incontinence</li>
  <li>Albuminuria (Proteinuria)</li>
  <li>Glycosuria</li>
  <li>Chronic Kidney Disease</li>
  <li>Kidney Stones</li>
  <li>Polycystic kidney disease (PKD)</li>
</ul>
<h2>Ingredients of Baidyanath Chandraprabha Vati</h2>
<ul>
  <li>Aconitum heterophyllum-Ativisha</li>
  <li>Acorus Calamus-Sweet Flag or Calamus or Vacha</li>
  <li>Andrographis paniculata-Bhunimba</li>
  <li>Berberis aristata-Tree Turmeric</li>
  <li>Cedrus Deodara-Himalayan Cedar bark, Devdaru</li>
  <li>Coriandrum sativum-Coriander seeds</li>
  <li>Curcuma Longa-Turmeric, Haldi</li>
  <li>Cinnamomum Camphora-Camphor (Kapur)</li>
  <li>Cyperus rotundus-Nut grass (root) or Mustak</li>
  <li>Embelia ribes-False black pepper (Vidang)</li>
  <li>Emblica officinalis-Indian gooseberry fruit (Amla)</li>
  <li>Piper Chaba Seeds-Java Long Pepper, Chavya</li>
  <li>Piper Chaba Fruit-Java Long pepper fruit, Gajapipali</li>
  <li>Piper Longum-Long pepper (Pippali)</li>
  <li>Piper Longum-Long Pepper root (Piplamool)</li>
  <li>Piper Nigrum-Black pepper (Kali Mirch)</li>
  <li>Plumbago zeylanica-Lead Wort (root), Chitraka</li>
  <li>Tinospora cordifolia (Guduchi)-Giloy</li>
  <li>Terminalia Chebula-Chebulic Myrobalan, Haritaki</li>
  <li>Terminalia Bellirica-Belliric Myrobalan, Vibhitaki</li>
  <li>Zingiber Officinale-Ginger, Shunti</li>
  <li>Baliospermum montanum-Dantimool</li>
  <li>Bambusa bambos-Bamboo manna, Banslochan</li>
  <li>Cinnamomum tamala-Patra</li>
  <li>Cinnamomum zeylanicum-Cinnamon</li>
  <li>Elettaria cardamomum-Cardamom seeds</li>
  <li>Operculina turpethum-Trivrit</li>
  <li>Commiphora mukul-Shuddha Guggulu</li>
</ul>
<h2>Benefits of Baidyanath Chandraprabha Vati</h2>
<ul>
  <li>It may help to reduce reproductive system-related problems</li>
  <li>It may be helpful in removing harmful AMA (i.e., toxins) like urea, creatinine and uric acid from the body</li>
  <li>It might help to reduce urinary tract infections and related troubles</li>
  <li>Helpful in weakness, pain in legs, back and neck, anaemia and vertigo</li>
  <li>Helps in the </li>
  <li>healthy functioning of the kidney by maintaining the healthy uric acid level in the kidneys</li>
</ul>
<h2>Dosage of Baidyanath Chandraprabha Vati</h2>
<p>Take 1 – 2 tablets twice or thrice a day, before or after food or as directed by an Ayurvedic doctor.</p>
<h2>Side effects of Baidyanath Chandraprabha Vati</h2>
<ul>
  <li>People with high BP should take this medicine only under medical care since this medicine contains salt as an ingredient.</li>
  <li>Over-dosage may cause a slight burning sensation in the abdomen.</li>
  <li>Keep out of reach and sight of children.</li>
  <li>Store in a cool dry place.</li>
</ul></div><div><h2>Terms and Conditions</h2><p>We have assumed that you  have consulted a physician before purchasing this medicine and are not self medicating.</p></div></div>",44,"[{""Question"":""Can I take this along with Fortege Alarsin and Manmath Ras for premature ejaculation?""},{""Question"":""Is it may consume sole for premature ejaculation and sexual weeknes.""},{""Question"":""How to use each day tablets""},{""Question"":""Night fall ki dawa hai ye""},{""Question"":""Cancel order product""}]","[{""Answer"":""yes. But do consult your doctor before consuming . as it might not help in your disease and cause side effects due to any pre - exsisting conditionby ananya on Mar 13, 2021""},{""Answer"":""Well the proper treatment includes detailed history, proper investigations and the duration of the complaint etc. Hence Kindly take ayurveda consultation on healthmug.com so that proper history can be taken and accurate treatment can be given.by Dr. Aman negi on Jan 20, 2022""},{""Answer"":""Kindly take up a consultation with an Ayurvedic doctor on the Healthmug app as symptoms need to be consulted first.by Manisha Bilonia on Oct 21, 2022""}]",4,https://static.oxinis.com/healthmug/image/brand/11-150.jpg,Baidyanath,4.4,4.4,90,"[{""Review_text"":""I am a regular user of this medicine for the past 12 years for chronic constipation. I find this medicine useful without any complication. I also recommend the same for needy.""},{""Review_text"":""Delivered at the township gate not at the quarter . Misplaced but I got the medicine""},{""Review_text"":""DTDC COURIER refused to deliver the parcel at home address.""},{""Review_text"":""My Hb1AC has fallen from 7.3 to 6.6 in 20 days""},{""Review_text"":""My urine disease will be cured.""}]","[{""Reviewer_name"":""by Kota Venkata Sivakumar on Dec 25, 2019""},{""Reviewer_name"":""by Syed on Sep 13, 2022""},{""Reviewer_name"":""by SANDEEP TYAGI on Jun 06, 2023""},{""Reviewer_name"":""by Rajanish Saxena on Jul 10, 2017""},{""Reviewer_name"":""by Imran Momin on Jul 17, 2022""}]","[{""Review_Hadline"":""Panchasakar churanby Kota Venkata Sivakumar on Dec 25, 2019""},{""Review_Hadline"":""Delivered at wrong place but received laterby Syed on Sep 13, 2022""},{""Review_Hadline"":""DTDC COURIER refused to deliver the parcel at home address.by SANDEEP TYAGI on Jun 06, 2023""},{""Review_Hadline"":""Working wellby Rajanish Saxena on Jul 10, 2017""},{""Review_Hadline"":""Awesome results.by Imran Momin on Jul 17, 2022""}]","[{""Date"":""by Kota Venkata Sivakumar on Dec 25, 2019""},{""Date"":""by Syed on Sep 13, 2022""},{""Date"":""by SANDEEP TYAGI on Jun 06, 2023""},{""Date"":""by Rajanish Saxena on Jul 10, 2017""},{""Date"":""by Imran Momin on Jul 17, 2022""}]",[],40,76
1690175679-12,https://www.healthmug.com/products/ayurveda/9,"Sold OutBaidyanath Chandraprabha Bati (80tab)For urinary tract disorders like (UTI), any bladder-related issues, muscle and joint pain and general weakness. 139 1325 %",https://www.healthmug.com/product/baidyanath-chandraprabha-bati-80tab/1293028854,"[{""Category"":""Ayurveda""},{""Category"":""Vati, Gutika & Guggulu""}]",Baidyanath Chandraprabha Bati (80tab),"[{""Image"":"""",""image_src"":""https://static.oxinis.com/healthmug/image/product/5958-3-30.webp""},{""Image"":"""",""image_src"":""https://static.oxinis.com/healthmug/image/product/5958-3-400.webp""}]",,139,132,5,"<div class=""productDetailFull""><div><h2>Also known as</h2><p>Chandraprabha Bati</p></div><div><h2>Properties</h2><div class=""properties""><div class=""propertyRow""><div class=""propertyLable"">Weight</div><div class=""propertyValue"">44 (gms)</div></div><div class=""propertyRow""><div class=""propertyLable"">Dimensions</div><div class=""propertyValue"">4.4 (cm) x 4.4 (cm) x 90 (cm)</div></div></div></div><div><h2>About Baidyanath Chandraprabha Vati</h2>
<p>Chandraprabha Vati (also called Chandraprabha Gulika and Chandraprabha Vatika) is an ayurvedic classical medicine helpful for overcoming symptoms of diseases of the kidneys, bladder, urinary tract, pancreas, bones, joints, and thyroid gland. It is also recommended in the management of diabetes, men’s problems, women’s problems and mental disorders. Chandraprabha Vati is beneficial for difficulty in urination, kidney stones, frequent urination, urinary incontinence, prostate enlargement, male infertility, impotency, nightfall, diabetes, painful periods (dysmenorrhea), Oligomenorrhea, amenorrhea, polycystic ovarian disease, anxiety, mental stress, and depression.</p>
<h2>Indications of Baidyanath Chandraprabha Vati</h2>
<ul>
  <li>General Debility &amp; Fatigue</li>
  <li>Mental Fatigue &amp; Stress</li>
  <li>High Blood Pressure &amp; Tachycardia</li>
  <li>Gout &amp; Raised Uric Acid Level</li>
  <li>Arthritis</li>
  <li>Amenorrhea, Oligomenorrhea &amp; Dysmenorrhea</li>
  <li>Excessive Uterine Bleeding &amp; Uterine Polyp</li>
  <li>Polycystic Ovarian Syndrome (PCOS)</li>
  <li>Habitual Miscarriage</li>
  <li>Oligospermia, Impotence &amp; Erectile dysfunction</li>
  <li>Frequent Urination &amp; Urinary Incontinence</li>
  <li>Albuminuria (Proteinuria)</li>
  <li>Glycosuria</li>
  <li>Chronic Kidney Disease</li>
  <li>Kidney Stones</li>
  <li>Polycystic kidney disease (PKD)</li>
</ul>
<h2>Ingredients of Baidyanath Chandraprabha Vati</h2>
<ul>
  <li>Aconitum heterophyllum-Ativisha</li>
  <li>Acorus Calamus-Sweet Flag or Calamus or Vacha</li>
  <li>Andrographis paniculata-Bhunimba</li>
  <li>Berberis aristata-Tree Turmeric</li>
  <li>Cedrus Deodara-Himalayan Cedar bark, Devdaru</li>
  <li>Coriandrum sativum-Coriander seeds</li>
  <li>Curcuma Longa-Turmeric, Haldi</li>
  <li>Cinnamomum Camphora-Camphor (Kapur)</li>
  <li>Cyperus rotundus-Nut grass (root) or Mustak</li>
  <li>Embelia ribes-False black pepper (Vidang)</li>
  <li>Emblica officinalis-Indian gooseberry fruit (Amla)</li>
  <li>Piper Chaba Seeds-Java Long Pepper, Chavya</li>
  <li>Piper Chaba Fruit-Java Long pepper fruit, Gajapipali</li>
  <li>Piper Longum-Long pepper (Pippali)</li>
  <li>Piper Longum-Long Pepper root (Piplamool)</li>
  <li>Piper Nigrum-Black pepper (Kali Mirch)</li>
  <li>Plumbago zeylanica-Lead Wort (root), Chitraka</li>
  <li>Tinospora cordifolia (Guduchi)-Giloy</li>
  <li>Terminalia Chebula-Chebulic Myrobalan, Haritaki</li>
  <li>Terminalia Bellirica-Belliric Myrobalan, Vibhitaki</li>
  <li>Zingiber Officinale-Ginger, Shunti</li>
  <li>Baliospermum montanum-Dantimool</li>
  <li>Bambusa bambos-Bamboo manna, Banslochan</li>
  <li>Cinnamomum tamala-Patra</li>
  <li>Cinnamomum zeylanicum-Cinnamon</li>
  <li>Elettaria cardamomum-Cardamom seeds</li>
  <li>Operculina turpethum-Trivrit</li>
  <li>Commiphora mukul-Shuddha Guggulu</li>
</ul>
<h2>Benefits of Baidyanath Chandraprabha Vati</h2>
<ul>
  <li>It may help to reduce reproductive system-related problems</li>
  <li>It may be helpful in removing harmful AMA (i.e., toxins) like urea, creatinine and uric acid from the body</li>
  <li>It might help to reduce urinary tract infections and related troubles</li>
  <li>Helpful in weakness, pain in legs, back and neck, anaemia and vertigo</li>
  <li>Helps in the </li>
  <li>healthy functioning of the kidney by maintaining the healthy uric acid level in the kidneys</li>
</ul>
<h2>Dosage of Baidyanath Chandraprabha Vati</h2>
<p>Take 1 – 2 tablets twice or thrice a day, before or after food or as directed by an Ayurvedic doctor.</p>
<h2>Side effects of Baidyanath Chandraprabha Vati</h2>
<ul>
  <li>People with high BP should take this medicine only under medical care since this medicine contains salt as an ingredient.</li>
  <li>Over-dosage may cause a slight burning sensation in the abdomen.</li>
  <li>Keep out of reach and sight of children.</li>
  <li>Store in a cool dry place.</li>
</ul></div><div><h2>Terms and Conditions</h2><p>We have assumed that you  have consulted a physician before purchasing this medicine and are not self medicating.</p></div></div>",44,"[{""Question"":""Can I take this along with Fortege Alarsin and Manmath Ras for premature ejaculation?""},{""Question"":""Is it may consume sole for premature ejaculation and sexual weeknes.""},{""Question"":""How to use each day tablets""},{""Question"":""Night fall ki dawa hai ye""},{""Question"":""Cancel order product""}]","[{""Answer"":""yes. But do consult your doctor before consuming . as it might not help in your disease and cause side effects due to any pre - exsisting conditionby ananya on Mar 13, 2021""},{""Answer"":""Well the proper treatment includes detailed history, proper investigations and the duration of the complaint etc. Hence Kindly take ayurveda consultation on healthmug.com so that proper history can be taken and accurate treatment can be given.by Dr. Aman negi on Jan 20, 2022""},{""Answer"":""Kindly take up a consultation with an Ayurvedic doctor on the Healthmug app as symptoms need to be consulted first.by Manisha Bilonia on Oct 21, 2022""}]",4,https://static.oxinis.com/healthmug/image/brand/11-150.jpg,Baidyanath,4.4,4.4,90,"[{""Review_text"":""I am a regular user of this medicine for the past 12 years for chronic constipation. I find this medicine useful without any complication. I also recommend the same for needy.""},{""Review_text"":""Delivered at the township gate not at the quarter . Misplaced but I got the medicine""},{""Review_text"":""DTDC COURIER refused to deliver the parcel at home address.""},{""Review_text"":""My Hb1AC has fallen from 7.3 to 6.6 in 20 days""},{""Review_text"":""My urine disease will be cured.""}]","[{""Reviewer_name"":""by Kota Venkata Sivakumar on Dec 25, 2019""},{""Reviewer_name"":""by Syed on Sep 13, 2022""},{""Reviewer_name"":""by SANDEEP TYAGI on Jun 06, 2023""},{""Reviewer_name"":""by Rajanish Saxena on Jul 10, 2017""},{""Reviewer_name"":""by Imran Momin on Jul 17, 2022""}]","[{""Review_Hadline"":""Panchasakar churanby Kota Venkata Sivakumar on Dec 25, 2019""},{""Review_Hadline"":""Delivered at wrong place but received laterby Syed on Sep 13, 2022""},{""Review_Hadline"":""DTDC COURIER refused to deliver the parcel at home address.by SANDEEP TYAGI on Jun 06, 2023""},{""Review_Hadline"":""Working wellby Rajanish Saxena on Jul 10, 2017""},{""Review_Hadline"":""Awesome results.by Imran Momin on Jul 17, 2022""}]","[{""Date"":""by Kota Venkata Sivakumar on Dec 25, 2019""},{""Date"":""by Syed on Sep 13, 2022""},{""Date"":""by SANDEEP TYAGI on Jun 06, 2023""},{""Date"":""by Rajanish Saxena on Jul 10, 2017""},{""Date"":""by Imran Momin on Jul 17, 2022""}]",[],80,132
1690175682-13,https://www.healthmug.com/products/ayurveda/9,"Sold OutBaidyanath Brahmi Vati (Buddhi Vardhak) (80tab)For Mental Stress, Depression, Lack of Concentration, Weak Memory and Weakness Of Limbs. 215 17220 %",https://www.healthmug.com/product/baidyanath-brahmi-vati-buddhi-vardhak-80tab/1594382248,"[{""Category"":""Ayurveda""},{""Category"":""Vati, Gutika & Guggulu""}]",Baidyanath Brahmi Vati (Buddhi Vardhak) (80tab),"[{""Image"":"""",""image_src"":""https://static.oxinis.com/healthmug/image/product/5952-2-30.webp""},{""Image"":"""",""image_src"":""https://static.oxinis.com/healthmug/image/product/5952-2-400.webp""},{""Image"":"""",""image_src"":""https://static.oxinis.com/healthmug/image/product/5952-3-30.webp""},{""Image"":"""",""image_src"":""https://static.oxinis.com/healthmug/image/product/5952-3-400.webp""},{""Image"":"""",""image_src"":""https://static.oxinis.com/healthmug/image/product/5952-4-30.webp""},{""Image"":"""",""image_src"":""https://static.oxinis.com/healthmug/image/product/5952-4-400.webp""},{""Image"":"""",""image_src"":""https://static.oxinis.com/healthmug/image/product/5952-5-30.webp""},{""Image"":"""",""image_src"":""https://static.oxinis.com/healthmug/image/product/5952-5-400.webp""},{""Image"":"""",""image_src"":""https://static.oxinis.com/healthmug/image/product/5952-2-80.webp""},{""Image"":"""",""image_src"":""https://static.oxinis.com/healthmug/image/product/5952-3-80.webp""},{""Image"":"""",""image_src"":""https://static.oxinis.com/healthmug/image/product/5952-4-80.webp""},{""Image"":"""",""image_src"":""https://static.oxinis.com/healthmug/image/product/5952-5-80.webp""}]",,215,172,20,"<div class=""productDetailFull""><div><h2>Also known as</h2><p>Brahmi Bati (Buddhi Vardhak)</p></div><div><h2>Properties</h2><div class=""properties""><div class=""propertyRow""><div class=""propertyLable"">Weight</div><div class=""propertyValue"">41 (gms)</div></div><div class=""propertyRow""><div class=""propertyLable"">Dimensions</div><div class=""propertyValue"">4.4 (cm) x 4.4 (cm) x 90 (cm)</div></div></div></div><div><h2>About Baidyanath Brahmi Vati (Buddhi Vardhak)</h2>
<p>Baidyanath Brahmi Vati is an Ayurvedic formulation formulated from Brahmi Plant, which is beneficial for all ages. Brahmi Vati is good for brain functioning and also supports it in day-to-day working. Brahmi Vati may help to maintain good mental health. It is an excellent supplement used as a memory enhancer.</p>
<h3>Ideally used for</h3>
<ul>
  <li>Nervine weakness</li>
  <li>Memory &amp; Intelligence</li>
  <li>Insomnia</li>
</ul>
<h2>Ingredients of Baidyanath Brahmi Vati (Buddhi Vardhak)</h2>
<ul>
  <li>Brahmi (Centella Asiatica) Powder</li>
  <li>Shankhpushpi (Convolvulus pluricaulis)</li>
  <li>Vacha (Acorus Calamus)</li>
  <li>Kali Mirch (Black Pepper)</li>
  <li>Gavajava</li>
  <li>Swarna Makshik Bhasma</li>
  <li>Ras Sindoor</li>
  <li>Jatamansi Decoction</li>
</ul>
<h2>Benefits/Uses of Baidyanath Brahmi Vati (Buddhi Vardhak)</h2>
<ul>
  <li>It promotes memory and intelligence</li>
  <li>It reduces stress and anxiety as it decreases the levels of stress hormones</li>
  <li>It might be useful for nervine weakness</li>
  <li>It is helpful for mental weakness</li>
</ul>
<h2>Dosage of Baidyanath Brahmi Vati (Buddhi Vardhak)</h2>
<p>Take 1-2 tablets twice daily with milk/honey or as directed by the physician.</p>
<h2>Side Effects of Baidyanath Brahmi Vati (Buddhi Vardhak)</h2>
<p>There are no side effects of Baidyanath Brahmi Vati (Buddhi Vardhak).</p>
<h2>Precautions to be taken while using Baidyanath Brahmi Vati (Buddhi Vardhak)</h2>
<ul>
  <li>Read the label carefully before using it</li>
  <li>Keep it out of the reach of children</li>
  <li>Kindly consult your physician before you use it</li>
  <li>Do not exceed the recommended usage</li>
  <li>This product is not intended to cure, treat, diagnose or prevent any diseases</li>
</ul>
<h2>Additional Information</h2>
<ul>
  <li>Baidyanath Brahmi Vati is safe for long-term use.</li>
  <li>Kindly consult your doctor if you are pregnant, lactating, or a patient with diabetes or hypertension. </li>
  <li>The correct dosage of Brahmi Vati depends on the patient's age, gender and medical history.</li>
</ul></div><div><h2>Terms and Conditions</h2><p>We have assumed that you  have consulted a physician before purchasing this medicine and are not self medicating.</p></div></div>",41,"[{""Question"":""Is Baidyanath Brahmi Vati is good for children age of eight year?""},{""Question"":""Does Baidyanath Brahmi Vati (Buddhi Vardhak) helps in psychiatric disorder?""},{""Question"":""Does Baidyanath Brahmi Vati (Buddhi Vardhak) can be used used as a Anti depressant ?""},{""Question"":""Me baby ko feed karwati hu to kya ye dawa me bhi kha sakti hu.... Mujhe iski shakt jarurat hai.""},{""Question"":""Anxiety, weak memory wale use kar sakte hai kya ya himalaya mentat sahi rahega""}]","[{""Answer"":""Baidyanath Brahmi Vati is good for children to increase memory power . can be given half tablet two times a day for below 10 year.by Dr. Poonam Bhushan on Aug 13, 2018""},{""Answer"":""Baidyanath Brahmi Vati (Buddhi Vardhak) is helpful in Psychiatric patient.by Dr. Srikant on Nov 08, 2018""},{""Answer"":""Yes, Baidyanath Brahmi Vati (Buddhi Vardhak) helps to open and clarify the mind, strengthen memory and intellect, support focus and concentration,encourage a balanced emotional state.by Dr. Shubham Dhingra on Jun 27, 2020""},{""Answer"":""Yes you can take. But self medication is not the right decision. Kindly take a consultation on health mug app for proper treatment and guidance. It's free.by Dr. Ravikant Sharma on Nov 19, 2021""},{""Answer"":""Kindly take consultation with Ayurveda doctor on Healthmug app as symptoms need to be consulted first.by Arun on Feb 28, 2022""}]",3.8,https://static.oxinis.com/healthmug/image/brand/11-150.jpg,Baidyanath,4.4,4.4,90,[],[],[],[],"[{""Useful"":""Anxiety & Depression""},{""Useful"":""Headache & Migraine""}]",20, 69
1690175682-14,https://www.healthmug.com/products/ayurveda/9,"Sold OutBaidyanath Brahmi Vati (Buddhi Vardhak) (80tab)For Mental Stress, Depression, Lack of Concentration, Weak Memory and Weakness Of Limbs. 215 17220 %",https://www.healthmug.com/product/baidyanath-brahmi-vati-buddhi-vardhak-80tab/1594382248,"[{""Category"":""Ayurveda""},{""Category"":""Vati, Gutika & Guggulu""}]",Baidyanath Brahmi Vati (Buddhi Vardhak) (80tab),"[{""Image"":"""",""image_src"":""https://static.oxinis.com/healthmug/image/product/5952-2-30.webp""},{""Image"":"""",""image_src"":""https://static.oxinis.com/healthmug/image/product/5952-2-400.webp""},{""Image"":"""",""image_src"":""https://static.oxinis.com/healthmug/image/product/5952-3-30.webp""},{""Image"":"""",""image_src"":""https://static.oxinis.com/healthmug/image/product/5952-3-400.webp""},{""Image"":"""",""image_src"":""https://static.oxinis.com/healthmug/image/product/5952-4-30.webp""},{""Image"":"""",""image_src"":""https://static.oxinis.com/healthmug/image/product/5952-4-400.webp""},{""Image"":"""",""image_src"":""https://static.oxinis.com/healthmug/image/product/5952-5-30.webp""},{""Image"":"""",""image_src"":""https://static.oxinis.com/healthmug/image/product/5952-5-400.webp""},{""Image"":"""",""image_src"":""https://static.oxinis.com/healthmug/image/product/5952-2-80.webp""},{""Image"":"""",""image_src"":""https://static.oxinis.com/healthmug/image/product/5952-3-80.webp""},{""Image"":"""",""image_src"":""https://static.oxinis.com/healthmug/image/product/5952-4-80.webp""},{""Image"":"""",""image_src"":""https://static.oxinis.com/healthmug/image/product/5952-5-80.webp""}]",,215,172,20,"<div class=""productDetailFull""><div><h2>Also known as</h2><p>Brahmi Bati (Buddhi Vardhak)</p></div><div><h2>Properties</h2><div class=""properties""><div class=""propertyRow""><div class=""propertyLable"">Weight</div><div class=""propertyValue"">41 (gms)</div></div><div class=""propertyRow""><div class=""propertyLable"">Dimensions</div><div class=""propertyValue"">4.4 (cm) x 4.4 (cm) x 90 (cm)</div></div></div></div><div><h2>About Baidyanath Brahmi Vati (Buddhi Vardhak)</h2>
<p>Baidyanath Brahmi Vati is an Ayurvedic formulation formulated from Brahmi Plant, which is beneficial for all ages. Brahmi Vati is good for brain functioning and also supports it in day-to-day working. Brahmi Vati may help to maintain good mental health. It is an excellent supplement used as a memory enhancer.</p>
<h3>Ideally used for</h3>
<ul>
  <li>Nervine weakness</li>
  <li>Memory &amp; Intelligence</li>
  <li>Insomnia</li>
</ul>
<h2>Ingredients of Baidyanath Brahmi Vati (Buddhi Vardhak)</h2>
<ul>
  <li>Brahmi (Centella Asiatica) Powder</li>
  <li>Shankhpushpi (Convolvulus pluricaulis)</li>
  <li>Vacha (Acorus Calamus)</li>
  <li>Kali Mirch (Black Pepper)</li>
  <li>Gavajava</li>
  <li>Swarna Makshik Bhasma</li>
  <li>Ras Sindoor</li>
  <li>Jatamansi Decoction</li>
</ul>
<h2>Benefits/Uses of Baidyanath Brahmi Vati (Buddhi Vardhak)</h2>
<ul>
  <li>It promotes memory and intelligence</li>
  <li>It reduces stress and anxiety as it decreases the levels of stress hormones</li>
  <li>It might be useful for nervine weakness</li>
  <li>It is helpful for mental weakness</li>
</ul>
<h2>Dosage of Baidyanath Brahmi Vati (Buddhi Vardhak)</h2>
<p>Take 1-2 tablets twice daily with milk/honey or as directed by the physician.</p>
<h2>Side Effects of Baidyanath Brahmi Vati (Buddhi Vardhak)</h2>
<p>There are no side effects of Baidyanath Brahmi Vati (Buddhi Vardhak).</p>
<h2>Precautions to be taken while using Baidyanath Brahmi Vati (Buddhi Vardhak)</h2>
<ul>
  <li>Read the label carefully before using it</li>
  <li>Keep it out of the reach of children</li>
  <li>Kindly consult your physician before you use it</li>
  <li>Do not exceed the recommended usage</li>
  <li>This product is not intended to cure, treat, diagnose or prevent any diseases</li>
</ul>
<h2>Additional Information</h2>
<ul>
  <li>Baidyanath Brahmi Vati is safe for long-term use.</li>
  <li>Kindly consult your doctor if you are pregnant, lactating, or a patient with diabetes or hypertension. </li>
  <li>The correct dosage of Brahmi Vati depends on the patient's age, gender and medical history.</li>
</ul></div><div><h2>Terms and Conditions</h2><p>We have assumed that you  have consulted a physician before purchasing this medicine and are not self medicating.</p></div></div>",41,"[{""Question"":""Is Baidyanath Brahmi Vati is good for children age of eight year?""},{""Question"":""Does Baidyanath Brahmi Vati (Buddhi Vardhak) helps in psychiatric disorder?""},{""Question"":""Does Baidyanath Brahmi Vati (Buddhi Vardhak) can be used used as a Anti depressant ?""},{""Question"":""Me baby ko feed karwati hu to kya ye dawa me bhi kha sakti hu.... Mujhe iski shakt jarurat hai.""},{""Question"":""Anxiety, weak memory wale use kar sakte hai kya ya himalaya mentat sahi rahega""}]","[{""Answer"":""Baidyanath Brahmi Vati is good for children to increase memory power . can be given half tablet two times a day for below 10 year.by Dr. Poonam Bhushan on Aug 13, 2018""},{""Answer"":""Baidyanath Brahmi Vati (Buddhi Vardhak) is helpful in Psychiatric patient.by Dr. Srikant on Nov 08, 2018""},{""Answer"":""Yes, Baidyanath Brahmi Vati (Buddhi Vardhak) helps to open and clarify the mind, strengthen memory and intellect, support focus and concentration,encourage a balanced emotional state.by Dr. Shubham Dhingra on Jun 27, 2020""},{""Answer"":""Yes you can take. But self medication is not the right decision. Kindly take a consultation on health mug app for proper treatment and guidance. It's free.by Dr. Ravikant Sharma on Nov 19, 2021""},{""Answer"":""Kindly take consultation with Ayurveda doctor on Healthmug app as symptoms need to be consulted first.by Arun on Feb 28, 2022""}]",3.8,https://static.oxinis.com/healthmug/image/brand/11-150.jpg,Baidyanath,4.4,4.4,90,[],[],[],[],"[{""Useful"":""Anxiety & Depression""},{""Useful"":""Headache & Migraine""}]",80,172
1690175685-15,https://www.healthmug.com/products/ayurveda/9,Sold OutDr Biswas Good Health Capsule (50caps)Enhance your overall health and well-being with our powerful formula 139 1325 %,https://www.healthmug.com/product/dr-biswas-good-health-capsule-50caps/281811146,"[{""Category"":""Ayurveda""},{""Category"":""Medicines""}]",Dr Biswas Good Health Capsule (50caps),"[{""Image"":"""",""image_src"":""https://static.oxinis.com/healthmug/image/product/72476-1-30.webp""},{""Image"":"""",""image_src"":""https://static.oxinis.com/healthmug/image/product/72476-1-400.webp""}]",,139,132,5,"<div class=""productDetailFull""><div><h2>Also known as</h2><p>For overall wellness Immunity booster improve digestion</p></div><div><h2>Properties</h2><div class=""properties""><div class=""propertyRow""><div class=""propertyLable"">Weight</div><div class=""propertyValue"">100 (gms)</div></div><div class=""propertyRow""><div class=""propertyLable"">Dimensions</div><div class=""propertyValue"">6 (cm) x 6 (cm) x 9 (cm)</div></div></div></div><div><h2>About Dr Biswas Good Health Capsule</h2>
<p>Dr Biswas's Good Health Capsule is a product that is known to improve the overall immunity of the body. It helps the body prevent chronic illness and muscle wasting. This product also helps to reduce weight and promotes overall digestive functions. Made with special attention for people looking to get their bulk on, this capsule enhances protein synthesis and athletic performance.</p>
<h2>Ingredients used in Dr Biswas Good Health Capsule</h2>
<ul>
  <li>Withania somnifera</li>
  <li>Hemidesmus indicus</li>
  <li>Vitis vinifera</li>
  <li>Asparagus racemosus</li>
  <li>Tribulus Terrestris</li>
  <li>Sodhit shilajit</li>
  <li>Banga</li>
  <li>Sodium benzoate</li>
  <li>Embellica officinalis</li>
  <li>Nordostachys jatamansi</li>
  <li>Glycirrhiza glabra</li>
  <li>Convoivulus pluricauilis</li>
  <li>Embelia ribes</li>
</ul>
<h2>Benefits of Dr Biswas Good Health Capsule</h2>
<ul>
  <li>It might help to reduce weight loss</li>
  <li>It may help to restore the appetite</li>
  <li>It might help to improve the immune system</li>
  <li>It may help to boost digestive functioning</li>
</ul>
<h2>Side effects of Dr Biswas Good Health Capsule</h2>
<p>There are no side effects of Dr Biswas Good Health Capsule.</p>
<h2>Precautions to be taken while using Dr Biswas Good Health Capsule</h2>
<ul>
  <li>Consult a physician before using this</li>
  <li>Do not exceed the daily prescribed limit</li>
  <li>Keep out of reach of children</li>
  <li>Store in a cool and dark place</li>
</ul>
<h2>Additional Information</h2>
<ul>
  <li>100% Genuine Product</li>
  <li>Results may vary with the lifestyle and diet adopted</li>
  <li>Pregnant and lactating women should consult their doctor before taking any medication</li>
  <li>Depending upon the lighting and screen resolution, the colour of the product may slightly vary</li>
</ul></div><div><h2>Terms and Conditions</h2><p>We have assumed that you  have consulted a physician before purchasing this medicine and are not self medicating.</p></div></div>",100,"[{""Question"":""Somehow I got duplicate items.. So please check the proudctus n ensure me..""},{""Question"":""Sorry  this product is cancel""},{""Question"":""12024));;; h jcufufufufufufufl""},{""Question"":""Kerala State Electricity Board""},{""Question"":""Sir ye orignal hi milega kyunki meesho pe aur amazone pe duplicate bhej diya .""}]","[{""Answer"":""Isme koi product nhi Àata h''' sb chutiyapa h...koi bhi bhai prdct nhi mngaeby Ramesh Choudhury on Jul 20, 2023""},{""Answer"":""Plz contact to customer care regarding this issue.by Dr. Ravikant Sharma on Jul 21, 2023""}]",3.1,https://static.oxinis.com/healthmug/image/brand/564-150.jpg,Dr Biswas,6,6,9,[],[],[],[],"[{""Useful"":""Indigestion/Acidity/Gas""}]",50,132
1690175685-16,https://www.healthmug.com/products/ayurveda/9,Sold OutDr Biswas Good Health Capsule (50caps)Enhance your overall health and well-being with our powerful formula 139 1325 %,https://www.healthmug.com/product/dr-biswas-good-health-capsule-50caps/281811146,"[{""Category"":""Ayurveda""},{""Category"":""Medicines""}]",Dr Biswas Good Health Capsule (50caps),"[{""Image"":"""",""image_src"":""https://static.oxinis.com/healthmug/image/product/72476-1-30.webp""},{""Image"":"""",""image_src"":""https://static.oxinis.com/healthmug/image/product/72476-1-400.webp""}]",,139,132,5,"<div class=""productDetailFull""><div><h2>Also known as</h2><p>For overall wellness Immunity booster improve digestion</p></div><div><h2>Properties</h2><div class=""properties""><div class=""propertyRow""><div class=""propertyLable"">Weight</div><div class=""propertyValue"">100 (gms)</div></div><div class=""propertyRow""><div class=""propertyLable"">Dimensions</div><div class=""propertyValue"">6 (cm) x 6 (cm) x 9 (cm)</div></div></div></div><div><h2>About Dr Biswas Good Health Capsule</h2>
<p>Dr Biswas's Good Health Capsule is a product that is known to improve the overall immunity of the body. It helps the body prevent chronic illness and muscle wasting. This product also helps to reduce weight and promotes overall digestive functions. Made with special attention for people looking to get their bulk on, this capsule enhances protein synthesis and athletic performance.</p>
<h2>Ingredients used in Dr Biswas Good Health Capsule</h2>
<ul>
  <li>Withania somnifera</li>
  <li>Hemidesmus indicus</li>
  <li>Vitis vinifera</li>
  <li>Asparagus racemosus</li>
  <li>Tribulus Terrestris</li>
  <li>Sodhit shilajit</li>
  <li>Banga</li>
  <li>Sodium benzoate</li>
  <li>Embellica officinalis</li>
  <li>Nordostachys jatamansi</li>
  <li>Glycirrhiza glabra</li>
  <li>Convoivulus pluricauilis</li>
  <li>Embelia ribes</li>
</ul>
<h2>Benefits of Dr Biswas Good Health Capsule</h2>
<ul>
  <li>It might help to reduce weight loss</li>
  <li>It may help to restore the appetite</li>
  <li>It might help to improve the immune system</li>
  <li>It may help to boost digestive functioning</li>
</ul>
<h2>Side effects of Dr Biswas Good Health Capsule</h2>
<p>There are no side effects of Dr Biswas Good Health Capsule.</p>
<h2>Precautions to be taken while using Dr Biswas Good Health Capsule</h2>
<ul>
  <li>Consult a physician before using this</li>
  <li>Do not exceed the daily prescribed limit</li>
  <li>Keep out of reach of children</li>
  <li>Store in a cool and dark place</li>
</ul>
<h2>Additional Information</h2>
<ul>
  <li>100% Genuine Product</li>
  <li>Results may vary with the lifestyle and diet adopted</li>
  <li>Pregnant and lactating women should consult their doctor before taking any medication</li>
  <li>Depending upon the lighting and screen resolution, the colour of the product may slightly vary</li>
</ul></div><div><h2>Terms and Conditions</h2><p>We have assumed that you  have consulted a physician before purchasing this medicine and are not self medicating.</p></div></div>",100,"[{""Question"":""Somehow I got duplicate items.. So please check the proudctus n ensure me..""},{""Question"":""Sorry  this product is cancel""},{""Question"":""12024));;; h jcufufufufufufufl""},{""Question"":""Kerala State Electricity Board""},{""Question"":""Sir ye orignal hi milega kyunki meesho pe aur amazone pe duplicate bhej diya .""}]","[{""Answer"":""Isme koi product nhi Àata h''' sb chutiyapa h...koi bhi bhai prdct nhi mngaeby Ramesh Choudhury on Jul 20, 2023""},{""Answer"":""Plz contact to customer care regarding this issue.by Dr. Ravikant Sharma on Jul 21, 2023""}]",3.1,https://static.oxinis.com/healthmug/image/brand/564-150.jpg,Dr Biswas,6,6,9,[],[],[],[],"[{""Useful"":""Indigestion/Acidity/Gas""}]",           2x50, 264
1690175685-17,https://www.healthmug.com/products/ayurveda/9,Sold OutDr Biswas Good Health Capsule (50caps)Enhance your overall health and well-being with our powerful formula 139 1325 %,https://www.healthmug.com/product/dr-biswas-good-health-capsule-50caps/281811146,"[{""Category"":""Ayurveda""},{""Category"":""Medicines""}]",Dr Biswas Good Health Capsule (50caps),"[{""Image"":"""",""image_src"":""https://static.oxinis.com/healthmug/image/product/72476-1-30.webp""},{""Image"":"""",""image_src"":""https://static.oxinis.com/healthmug/image/product/72476-1-400.webp""}]",,139,132,5,"<div class=""productDetailFull""><div><h2>Also known as</h2><p>For overall wellness Immunity booster improve digestion</p></div><div><h2>Properties</h2><div class=""properties""><div class=""propertyRow""><div class=""propertyLable"">Weight</div><div class=""propertyValue"">100 (gms)</div></div><div class=""propertyRow""><div class=""propertyLable"">Dimensions</div><div class=""propertyValue"">6 (cm) x 6 (cm) x 9 (cm)</div></div></div></div><div><h2>About Dr Biswas Good Health Capsule</h2>
<p>Dr Biswas's Good Health Capsule is a product that is known to improve the overall immunity of the body. It helps the body prevent chronic illness and muscle wasting. This product also helps to reduce weight and promotes overall digestive functions. Made with special attention for people looking to get their bulk on, this capsule enhances protein synthesis and athletic performance.</p>
<h2>Ingredients used in Dr Biswas Good Health Capsule</h2>
<ul>
  <li>Withania somnifera</li>
  <li>Hemidesmus indicus</li>
  <li>Vitis vinifera</li>
  <li>Asparagus racemosus</li>
  <li>Tribulus Terrestris</li>
  <li>Sodhit shilajit</li>
  <li>Banga</li>
  <li>Sodium benzoate</li>
  <li>Embellica officinalis</li>
  <li>Nordostachys jatamansi</li>
  <li>Glycirrhiza glabra</li>
  <li>Convoivulus pluricauilis</li>
  <li>Embelia ribes</li>
</ul>
<h2>Benefits of Dr Biswas Good Health Capsule</h2>
<ul>
  <li>It might help to reduce weight loss</li>
  <li>It may help to restore the appetite</li>
  <li>It might help to improve the immune system</li>
  <li>It may help to boost digestive functioning</li>
</ul>
<h2>Side effects of Dr Biswas Good Health Capsule</h2>
<p>There are no side effects of Dr Biswas Good Health Capsule.</p>
<h2>Precautions to be taken while using Dr Biswas Good Health Capsule</h2>
<ul>
  <li>Consult a physician before using this</li>
  <li>Do not exceed the daily prescribed limit</li>
  <li>Keep out of reach of children</li>
  <li>Store in a cool and dark place</li>
</ul>
<h2>Additional Information</h2>
<ul>
  <li>100% Genuine Product</li>
  <li>Results may vary with the lifestyle and diet adopted</li>
  <li>Pregnant and lactating women should consult their doctor before taking any medication</li>
  <li>Depending upon the lighting and screen resolution, the colour of the product may slightly vary</li>
</ul></div><div><h2>Terms and Conditions</h2><p>We have assumed that you  have consulted a physician before purchasing this medicine and are not self medicating.</p></div></div>",100,"[{""Question"":""Somehow I got duplicate items.. So please check the proudctus n ensure me..""},{""Question"":""Sorry  this product is cancel""},{""Question"":""12024));;; h jcufufufufufufufl""},{""Question"":""Kerala State Electricity Board""},{""Question"":""Sir ye orignal hi milega kyunki meesho pe aur amazone pe duplicate bhej diya .""}]","[{""Answer"":""Isme koi product nhi Àata h''' sb chutiyapa h...koi bhi bhai prdct nhi mngaeby Ramesh Choudhury on Jul 20, 2023""},{""Answer"":""Plz contact to customer care regarding this issue.by Dr. Ravikant Sharma on Jul 21, 2023""}]",3.1,https://static.oxinis.com/healthmug/image/brand/564-150.jpg,Dr Biswas,6,6,9,[],[],[],[],"[{""Useful"":""Indigestion/Acidity/Gas""}]",           4x50,399
1690175688-18,https://www.healthmug.com/products/ayurveda/9,Sold OutBaidyanath Bhringrajasava (450ml)An Ayurvedic useful in seasonal cold and viral flu 195 16515 %,https://www.healthmug.com/product/baidyanath-bhringrajasava-450ml/2119908084,"[{""Category"":""Ayurveda""},{""Category"":""Asava Arishta & Kadha""}]",Baidyanath Bhringrajasava (450ml),"[{""Image"":"""",""image_src"":""https://static.oxinis.com/healthmug/image/product/6125-2-30.webp""},{""Image"":"""",""image_src"":""https://static.oxinis.com/healthmug/image/product/6125-2-400.webp""},{""Image"":"""",""image_src"":""https://static.oxinis.com/healthmug/image/product/6125-3-30.webp""},{""Image"":"""",""image_src"":""https://static.oxinis.com/healthmug/image/product/6125-3-400.webp""},{""Image"":"""",""image_src"":""https://static.oxinis.com/healthmug/image/product/6125-2-80.webp""},{""Image"":"""",""image_src"":""https://static.oxinis.com/healthmug/image/product/6125-3-80.webp""}]",,195,165,15,"<div class=""productDetailFull""><div><h2>Also known as</h2><p>Bhringarajasavam Bhringarajasav</p></div><div><h2>Properties</h2><div class=""properties""><div class=""propertyRow""><div class=""propertyLable"">Weight</div><div class=""propertyValue"">486 (gms)</div></div><div class=""propertyRow""><div class=""propertyLable"">Dimensions</div><div class=""propertyValue"">6.5 (cm) x 6.5 (cm) x 19 (cm)</div></div></div></div><div><h2>About Baidyanath Bhringrajasava</h2>
<p>Bhringrajasava is an Ayurvedic polyherbal medication made up of Bhringraj Ras (Eclipta alba), Chaturjaat, Haritaki, Pippali, Jatiphala, and Jaggery.</p>
<p>Chaturjat Churna is made by combining Dalchini (cinnamomum zeylanicum bark), Ela (cardamom seeds), Tejpatta (cinnamomum tamala leaves), and Nagkesar (flowers of Mesua ferrea). Chaturjat is traditionally used to improve appetite, promote digestion, and treat hepatic and renal diseases. Ruksha, Tikshna, Laghu, and Ushna Veerya are the names.</p>
<h2>Indications of Baidyanath Bhringrajasava</h2>
<h3>General debility</h3>
<p>Bhringrajasava possesses a high nutritional value. The many herbs in this drug offer the body with a high concentration of vitamins, minerals, and antioxidants. This improves the person's nutritional state and aids in the treatment of overall debility. It improves general health and fitness, as well as stamina and physical strength. Bhringrajasava also encourages weight growth, making it an effective supplement for the malnourished.</p>
<h3>Respiratory disorders</h3>
<p>Bhringrajasava is effective in treating respiratory disorders such as asthma, bronchitis, and lung infections. It makes breathing easier by protecting the airways from allergen damage and thereby preventing attacks of shortness of breath. It also lowers cough caused by lung illnesses such as pneumonia and mucus formation in the respiratory passages by killing bacteria and viruses. It can be used to modulate pulmonary functions and enhance lung capacity.</p>
<h3>Digestive disturbances</h3>
<p>Bhringrajasava has been shown to significantly enhance digestive system functioning. It aids in the digestion, absorption, and assimilation of food. It can be used to treat common digestive symptoms such as abdominal discomfort, nausea, vomiting, bloating, constipation, loose movements, flatulence, heartburn, acid reflux, and indigestion.</p>
<h3>Male reproductive system</h3>
<p>Bhringrajasava acts as a natural aphrodisiac and increases the sexual desire in men. It also improves their sexual performance.</p>
<h2>Ingredients used in Bhringrajasava</h2>
<ul>
  <li>Bhringraj Eclipta alba Asteraceae Wh.pl. 12.250 liter</li>
  <li>Haritaki Terminalia chebula Combretaceae Fr. 384grams</li>
  <li>Pippali Piper longum Piperaceae Fr. 96grams</li>
  <li>Jatiphala Myristica fragrance Myristicaceae Fr. 96grams</li>
  <li>Lavanga Sygizium aromaticum Myrtaceae Fl. 96grams</li>
  <li>Twak Cinnamomum zeylanicum Lauraceae Br. 96grams</li>
  <li>Ela Elatteria cardamom Zingiberaceae Sd. 96grams</li>
  <li>Tamalapatra Cinnamomum tamala Lauraceae Lf. 96 grams</li>
  <li>Nagakesara Messua ferrea Guttiferae Fl. 96grams</li>
  <li>Guda Cane jaggery (Old) 9.600 kgs</li>
</ul>
<h2>Dosage of Baidyanath Bhringrajasava</h2>
<ul>
  <li>12-24 ml with equal amount of water after meals, twice a day, or as directed by physician</li>
  <li>The recommended dose of Bhringrajasava is 12 ml to be taken once or twice a day. The dose can be raised to 24 ml, twice a day, if the results with the lower dose are not satisfactory</li>
  <li>The doses should preferably be taken after food to minimize gastric irritation. The medicine may be added with an equal quantity of water if the taste is not tolerable</li>
</ul>
<h2>Precautions to be taken while using Baidyanath Bhringrajasava</h2>
<ul>
  <li>Patients, who are using other medications, should keep a gap of half an hour between the intake of Bhringrajasava and the other medicines</li>
  <li>It contains 5-10% of self-generated alcohol</li>
  <li>It increases weight</li>
  <li>There are no known side-effects of medicine</li>
  <li>It is completely safe to take this medicine in recommended doses</li>
  <li>It can be safely taken during breastfeeding</li>
  <li>It is hot in potency. Larger doses may cause burning sensation</li>
  <li>Do not take any medicine during pregnancy without consulting doctor</li>
  <li>It contains jaggery/gud and hence it is not suitable for diabetics</li>
</ul></div><div><h2>Terms and Conditions</h2><p>We have assumed that you  have consulted a physician before purchasing this medicine and are not self medicating.</p></div></div>",486,"[{""Question"":""Where is my order. How track my order. Or else return my money.""},{""Question"":""Still iam waiting for my order. You people didn't gave any reply to me. Respond fast.""},{""Question"":""Can this be given to kids? 2 yrs old?""},{""Question"":""It is for white hairs""},{""Question"":""How much days it takes to qure alopasia""}]","[{""Answer"":""Kindly contact customer support team for guidance.by Arun on May 11, 2022""},{""Answer"":""Kindly contact customer support team for guidance.by Arun on May 11, 2022""},{""Answer"":""Self medication is not advised. Kindly take consultation with Ayurveda doctor on Healthmug app as symptoms need to be consulted first.by Manisha Bilonia on Jun 19, 2022""},{""Answer"":""Self medication is not advised. Kindly take consultation with Ayurveda doctor on Healthmug app as symptoms need to be consulted first.by Arun on Jul 01, 2022""},{""Answer"":""Kindly take free consultation with Ayurveda doctor on Healthmug app as symptoms need to be consulted firstby Arun on Sep 16, 2022""}]",3.9,https://static.oxinis.com/healthmug/image/brand/11-150.jpg,Baidyanath,6.5,6.5,19,[],[],[],[],"[{""Useful"":""Hair Fall""},{""Useful"":""Alopecia & Bald Patches""},{""Useful"":""Premature Graying""}]",,
1690175691-19,https://www.healthmug.com/products/ayurveda/9,Sold OutAVG Jamun Neem Karela Plus Powder (200g)Reduce acne and lighten acne marks with Jamun Neem Karela Plus Powder 270 22616 %,https://www.healthmug.com/product/avg-jamun-neem-karela-plus-powder-200g/1084902581,"[{""Category"":""Ayurveda""},{""Category"":""Medicines""}]",AVG Jamun Neem Karela Plus Powder (200g),"[{""Image"":"""",""image_src"":""https://static.oxinis.com/healthmug/image/product/145733-5-30.webp""},{""Image"":"""",""image_src"":""https://static.oxinis.com/healthmug/image/product/145733-5-400.webp""},{""Image"":"""",""image_src"":""https://static.oxinis.com/healthmug/image/product/145733-6-30.webp""},{""Image"":"""",""image_src"":""https://static.oxinis.com/healthmug/image/product/145733-6-400.webp""},{""Image"":"""",""image_src"":""https://static.oxinis.com/healthmug/image/product/145733-7-30.webp""},{""Image"":"""",""image_src"":""https://static.oxinis.com/healthmug/image/product/145733-7-400.webp""},{""Image"":"""",""image_src"":""https://static.oxinis.com/healthmug/image/product/145733-5-80.webp""},{""Image"":"""",""image_src"":""https://static.oxinis.com/healthmug/image/product/145733-6-80.webp""},{""Image"":"""",""image_src"":""https://static.oxinis.com/healthmug/image/product/145733-7-80.webp""}]",,270,226,16,"<div class=""productDetailFull""><div><h2>Also known as</h2><p>For acne For blood sugar level For bad cholesterol</p></div><div><h2>Properties</h2><div class=""properties""><div class=""propertyRow""><div class=""propertyLable"">Weight</div><div class=""propertyValue"">200 (gms)</div></div><div class=""propertyRow""><div class=""propertyLable"">Dimensions</div><div class=""propertyValue"">7.1 (cm) x 7 (cm) x 14.7 (cm)</div></div></div></div><div><h2>About AVG Jamun Neem Karela Plus Powder</h2>
<p>AVG Jamun Neem &amp; Karela powder not only checks &amp; controls diabetes and related problems but also strengthens the Heart &amp; kidneys, and reduces the increased level of blood &amp; urine glucose. AVG Jamun Neem Karela Plus Powder is useful for various reasons as it helps treat inflammation, infections, fever and certain skin diseases. It has also been known to be of use in boosting the strength of the immune system and maintaining heart health.</p>
<h2>Ingredients used in AVG Jamun Neem Karela Plus Powder</h2>
<ul>
  <li>Jamun</li>
  <li>Neem</li>
  <li>Karela</li>
  <li>Arjuna</li>
</ul>
<h2>Benefits of AVG Jamun Neem Karela Plus Powder</h2>
<ul>
  <li>Jamun in it helps in keeping blood sugar levels in control</li>
  <li>It helps in fighting acne and lightening acne marks</li>
  <li>Jamun in it helps in keeping blood sugar levels in control</li>
  <li>Neem is also useful in improving vision and general eye health</li>
  <li>It also acts as a blood purifier and removes toxins from the bloodstream</li>
  <li>Karela helps reduce levels of bad cholesterol in the body</li>
</ul>
<h2>How to use AVG Jamun Neem Karela Plus Powder</h2>
<p>Use as directed by the physician.</p>
<h2>Side-Effects of AVG Jamun Neem Karela Plus Powder</h2>
<p>There are no side effects of AVG Jamun Neem Karela Plus Powder.</p>
<h2>Precautions to be taken while using AVG Jamun Neem Karela Plus Powder</h2>
<ul>
  <li>Keep away from children's reach</li>
  <li>Keep away from direct sunlight</li>
  <li>Store in a cool and dry place</li>
  <li>For external use only</li>
  <li>Read the label carefully</li>
</ul>
<h2>Additional Information</h2>
<ul>
  <li>100% Authentic Product</li>
  <li>The results will differ depending on the lifestyle and nutrition chosen</li>
  <li>The colour of the product may vary somewhat depending on lighting and screen resolution</li>
</ul></div><div><h2>Terms and Conditions</h2><p>We have assumed that you  have consulted a physician before purchasing this medicine and are not self medicating.</p></div></div>",200,"[{""Question"":""How to use and when and quantity""},{""Question"":""hello,cancel my order,i.ll repeat this order,cause charge is high.""},{""Question"":""How to use & how many spone one day take pataint""}]","[{""Answer"":""Kaise khana hai by Muna Gouda on Jun 19, 2023""},{""Answer"":""Cancel my order by Niraj Kumar on Apr 07, 2023""}]",5,https://static.oxinis.com/healthmug/image/brand/1465-150.jpg,AVG,7.1,7,14.7,[],[],[],[],"[{""Useful"":""Acne & Pimples""}]",,
1690175694-20,https://www.healthmug.com/products/ayurveda/9,Sold OutCare Us Otena Ear Drop (5ml)It might assist in stopping the growth of infection causing bacteria in the ear 42 405 %,https://www.healthmug.com/product/care-us-otena-ear-drop-5ml/2013920125,"[{""Category"":""Ayurveda""},{""Category"":""Medicines""}]",Care Us Otena Ear Drop (5ml),"[{""Image"":"""",""image_src"":""https://static.oxinis.com/healthmug/image/product/126295-4-30.webp""},{""Image"":"""",""image_src"":""https://static.oxinis.com/healthmug/image/product/126295-4-400.webp""},{""Image"":"""",""image_src"":""https://static.oxinis.com/healthmug/image/product/126295-5-30.webp""},{""Image"":"""",""image_src"":""https://static.oxinis.com/healthmug/image/product/126295-5-400.webp""},{""Image"":"""",""image_src"":""https://static.oxinis.com/healthmug/image/product/126295-6-30.webp""},{""Image"":"""",""image_src"":""https://static.oxinis.com/healthmug/image/product/126295-6-400.webp""},{""Image"":"""",""image_src"":""https://static.oxinis.com/healthmug/image/product/126295-7-30.webp""},{""Image"":"""",""image_src"":""https://static.oxinis.com/healthmug/image/product/126295-7-400.webp""},{""Image"":"""",""image_src"":""https://static.oxinis.com/healthmug/image/product/126295-4-80.webp""},{""Image"":"""",""image_src"":""https://static.oxinis.com/healthmug/image/product/126295-5-80.webp""},{""Image"":"""",""image_src"":""https://static.oxinis.com/healthmug/image/product/126295-6-80.webp""},{""Image"":"""",""image_src"":""https://static.oxinis.com/healthmug/image/product/126295-7-80.webp""}]",,42,40,5,"<div class=""productDetailFull""><div><h2>Also known as</h2><p>For ear infection For ear itching For swelling</p></div><div><h2>Properties</h2><div class=""properties""><div class=""propertyRow""><div class=""propertyLable"">Weight</div><div class=""propertyValue"">5 (gms)</div></div><div class=""propertyRow""><div class=""propertyLable"">Dimensions</div><div class=""propertyValue"">3 (cm) x 3 (cm) x 7 (cm)</div></div></div></div><div><h2>About Care Us Otena Ear Drops</h2>
<p>Otena Ear Drops are used to aid in the treatment of ear infections. It works by assisting in the inhibition of the development of illness-causing germs (bacteria), hence aiding in the resolution of the infection. It also helps to prevent the release of chemicals that cause itching, redness, and swelling. It alleviates the pain and suffering caused by ear infections.</p>
<h2>Ingredient used in Care Us Otena Ear Drops</h2>
<ul>
  <li><a href=""https://www.1mg.com/generics/lidocaine-betamethasone-chloramphenicol-404863"">Lidocaine</a></li>
  <li><a href=""https://www.1mg.com/generics/lidocaine-betamethasone-chloramphenicol-404863"">Betamethasone</a></li>
  <li><a href=""https://www.1mg.com/generics/lidocaine-betamethasone-chloramphenicol-404863"">Chloramphenicol</a></li>
</ul>
<h2>Benefits of Care Us Otena Ear Drops</h2>
<ul>
  <li>It assists in stopping the growth of infection-causing bacteria in the ear</li>
  <li>It can help in relieving itching</li>
  <li>It aids in reducing the pain and discomfort caused by ear infections</li>
</ul>
<h2>Dosage of Care Us Otena Ear Drops</h2>
<ul>
  <li>Hold the dropper close to the ear without touching it</li>
  <li>Gently squeeze the dropper and place the medicine inside the ear</li>
</ul>
<h2>Possible Side-Effects of Care Us Otena Ear Drops</h2>
<ul>
  <li>It is generally well-tolerated with little or no side effects. However, it may rarely cause irritation, itching, and a burning sensation immediately following application</li>
  <li>These side effects are temporary and usually subside on their own. If they persist for a longer duration, stop the use immediately and consult your physician</li>
</ul>
<h2>Precautions to be taken while using Care Us Otena Ear Drops</h2>
<ul>
  <li>Do not consume more than the given dosage</li>
  <li>Read the directions carefully while using the product</li>
  <li>Store in a cool, dry, and dark place away from moisture</li>
  <li>Keep it somewhere out of the reach of children</li>
</ul>
<h2>Additional Information regarding Care Us Otena Ear Drops</h2>
<ul>
  <li>100% Genuine Product</li>
  <li>Results may vary with the lifestyle and diet adopted</li>
  <li>Pregnant &amp; lactating women should consult their doctor before taking any medication or health supplement</li>
  <li>Depending upon the lighting and screen resolution, the colour of the product may slightly vary</li>
</ul></div><div><h2>Terms and Conditions</h2><p>We have assumed that you  have consulted a physician before purchasing this medicine and are not self medicating.</p></div></div>",5,"[{""Question"":""saban816108@gmail.com""},{""Question"":""saban816108@gmail.com""},{""Question"":""I am suffering from pain of my left ear since long time. Treated many times using allopathy/ayurvedic medicines.Temporary got relieved from pain. Reccuring suffer from ear pain. May I get relieved using this medicine from ear pain?""},{""Question"":""Getting trouble to order your medicines .Please make  easy process to order easily .""},{""Question"":""I need hurry this drop""}]",[],3.7,https://static.oxinis.com/healthmug/image/brand/403-150.jpg,Care Us,3,3,7,"[{""Review_text"":""Iwas surprised how well otena worked after one time - my right ear was feeling plugged for a long time- I found this system Easy and comfortable to use - I left the drops in my ears for 30 minutes and rinsed with warm water with the bulb that’s provided and my right ear actually popped while rinsing and can hear more clear already - this product does work Update- did this a second time and the wax plug came out into my sink the key is rinsing with the bulb 2 or 3 times with very warm water - I am really happy with this product photo of wax plug that came out""},{""Review_text"":""OTENA Ear Drop is a combination of medicines used to treat ear infections caused by microorganisms such as bacteria and fungi. It works by killing and stopping the growth of infection causing microorganisms, thereby clearing the infection. It also blocks the release of chemicals that cause symptoms such as itching, redness, swelling and ear discharge. Therefore this medicine relieves the inflammation due to these infections.""},{""Review_text"":""OTENA Ear Drop is used to treat ear infections. It works by killing microorganisms that cause infection.\nIt blocks the release of certain chemical messengers that cause redness, swelling, and itching. It also works by blocking pain signals to the brain to decrease the pain sensation.""},{""Review_text"":""OTENA ear drop is a combination of medicine used to treat ear infection caused by microorganism such as Bactria and Fungai, it also block the release of chemical that cause symptoms such as itching ,redness, swelling, and ear discharge .""},{""Review_text"":""OTENA Ear Drop is a combination medicine that is used to treat ear pain. It numbs the pain that occurs with ear infections caused by bacteria. This way it relieves the symptoms of inflammation such as pain, itchiness, and irritation.""}]","[{""Reviewer_name"":""by expert opinion on Sep 20, 2020""},{""Reviewer_name"":""by Shirya Chanchal on Apr 16, 2021""},{""Reviewer_name"":""by Neha Yadav on Apr 21, 2021""},{""Reviewer_name"":""by saifi7500 on Apr 19, 2021""},{""Reviewer_name"":""by Vibhor on Apr 17, 2021""}]","[{""Review_Hadline"":""Amazing product that works wonderby expert opinion on Sep 20, 2020""},{""Review_Hadline"":""It provides relief in pain and discomfort caused by the infection.by Shirya Chanchal on Apr 16, 2021""},{""Review_Hadline"":""Rapidly relief from pain sensation.by Neha Yadav on Apr 21, 2021""},{""Review_Hadline"":""Relief from pain and control from infectionby saifi7500 on Apr 19, 2021""},{""Review_Hadline"":""It controls infection of ears and provide relief from pain.by Vibhor on Apr 17, 2021""}]","[{""Date"":""by expert opinion on Sep 20, 2020""},{""Date"":""by Shirya Chanchal on Apr 16, 2021""},{""Date"":""by Neha Yadav on Apr 21, 2021""},{""Date"":""by saifi7500 on Apr 19, 2021""},{""Date"":""by Vibhor on Apr 17, 2021""}]","[{""Useful"":""Ear Pain""}]",5, 40
1690175694-21,https://www.healthmug.com/products/ayurveda/9,Sold OutCare Us Otena Ear Drop (5ml)It might assist in stopping the growth of infection causing bacteria in the ear 42 405 %,https://www.healthmug.com/product/care-us-otena-ear-drop-5ml/2013920125,"[{""Category"":""Ayurveda""},{""Category"":""Medicines""}]",Care Us Otena Ear Drop (5ml),"[{""Image"":"""",""image_src"":""https://static.oxinis.com/healthmug/image/product/126295-4-30.webp""},{""Image"":"""",""image_src"":""https://static.oxinis.com/healthmug/image/product/126295-4-400.webp""},{""Image"":"""",""image_src"":""https://static.oxinis.com/healthmug/image/product/126295-5-30.webp""},{""Image"":"""",""image_src"":""https://static.oxinis.com/healthmug/image/product/126295-5-400.webp""},{""Image"":"""",""image_src"":""https://static.oxinis.com/healthmug/image/product/126295-6-30.webp""},{""Image"":"""",""image_src"":""https://static.oxinis.com/healthmug/image/product/126295-6-400.webp""},{""Image"":"""",""image_src"":""https://static.oxinis.com/healthmug/image/product/126295-7-30.webp""},{""Image"":"""",""image_src"":""https://static.oxinis.com/healthmug/image/product/126295-7-400.webp""},{""Image"":"""",""image_src"":""https://static.oxinis.com/healthmug/image/product/126295-4-80.webp""},{""Image"":"""",""image_src"":""https://static.oxinis.com/healthmug/image/product/126295-5-80.webp""},{""Image"":"""",""image_src"":""https://static.oxinis.com/healthmug/image/product/126295-6-80.webp""},{""Image"":"""",""image_src"":""https://static.oxinis.com/healthmug/image/product/126295-7-80.webp""}]",,42,40,5,"<div class=""productDetailFull""><div><h2>Also known as</h2><p>For ear infection For ear itching For swelling</p></div><div><h2>Properties</h2><div class=""properties""><div class=""propertyRow""><div class=""propertyLable"">Weight</div><div class=""propertyValue"">5 (gms)</div></div><div class=""propertyRow""><div class=""propertyLable"">Dimensions</div><div class=""propertyValue"">3 (cm) x 3 (cm) x 7 (cm)</div></div></div></div><div><h2>About Care Us Otena Ear Drops</h2>
<p>Otena Ear Drops are used to aid in the treatment of ear infections. It works by assisting in the inhibition of the development of illness-causing germs (bacteria), hence aiding in the resolution of the infection. It also helps to prevent the release of chemicals that cause itching, redness, and swelling. It alleviates the pain and suffering caused by ear infections.</p>
<h2>Ingredient used in Care Us Otena Ear Drops</h2>
<ul>
  <li><a href=""https://www.1mg.com/generics/lidocaine-betamethasone-chloramphenicol-404863"">Lidocaine</a></li>
  <li><a href=""https://www.1mg.com/generics/lidocaine-betamethasone-chloramphenicol-404863"">Betamethasone</a></li>
  <li><a href=""https://www.1mg.com/generics/lidocaine-betamethasone-chloramphenicol-404863"">Chloramphenicol</a></li>
</ul>
<h2>Benefits of Care Us Otena Ear Drops</h2>
<ul>
  <li>It assists in stopping the growth of infection-causing bacteria in the ear</li>
  <li>It can help in relieving itching</li>
  <li>It aids in reducing the pain and discomfort caused by ear infections</li>
</ul>
<h2>Dosage of Care Us Otena Ear Drops</h2>
<ul>
  <li>Hold the dropper close to the ear without touching it</li>
  <li>Gently squeeze the dropper and place the medicine inside the ear</li>
</ul>
<h2>Possible Side-Effects of Care Us Otena Ear Drops</h2>
<ul>
  <li>It is generally well-tolerated with little or no side effects. However, it may rarely cause irritation, itching, and a burning sensation immediately following application</li>
  <li>These side effects are temporary and usually subside on their own. If they persist for a longer duration, stop the use immediately and consult your physician</li>
</ul>
<h2>Precautions to be taken while using Care Us Otena Ear Drops</h2>
<ul>
  <li>Do not consume more than the given dosage</li>
  <li>Read the directions carefully while using the product</li>
  <li>Store in a cool, dry, and dark place away from moisture</li>
  <li>Keep it somewhere out of the reach of children</li>
</ul>
<h2>Additional Information regarding Care Us Otena Ear Drops</h2>
<ul>
  <li>100% Genuine Product</li>
  <li>Results may vary with the lifestyle and diet adopted</li>
  <li>Pregnant &amp; lactating women should consult their doctor before taking any medication or health supplement</li>
  <li>Depending upon the lighting and screen resolution, the colour of the product may slightly vary</li>
</ul></div><div><h2>Terms and Conditions</h2><p>We have assumed that you  have consulted a physician before purchasing this medicine and are not self medicating.</p></div></div>",5,"[{""Question"":""saban816108@gmail.com""},{""Question"":""saban816108@gmail.com""},{""Question"":""I am suffering from pain of my left ear since long time. Treated many times using allopathy/ayurvedic medicines.Temporary got relieved from pain. Reccuring suffer from ear pain. May I get relieved using this medicine from ear pain?""},{""Question"":""Getting trouble to order your medicines .Please make  easy process to order easily .""},{""Question"":""I need hurry this drop""}]",[],3.7,https://static.oxinis.com/healthmug/image/brand/403-150.jpg,Care Us,3,3,7,"[{""Review_text"":""Iwas surprised how well otena worked after one time - my right ear was feeling plugged for a long time- I found this system Easy and comfortable to use - I left the drops in my ears for 30 minutes and rinsed with warm water with the bulb that’s provided and my right ear actually popped while rinsing and can hear more clear already - this product does work Update- did this a second time and the wax plug came out into my sink the key is rinsing with the bulb 2 or 3 times with very warm water - I am really happy with this product photo of wax plug that came out""},{""Review_text"":""OTENA Ear Drop is a combination of medicines used to treat ear infections caused by microorganisms such as bacteria and fungi. It works by killing and stopping the growth of infection causing microorganisms, thereby clearing the infection. It also blocks the release of chemicals that cause symptoms such as itching, redness, swelling and ear discharge. Therefore this medicine relieves the inflammation due to these infections.""},{""Review_text"":""OTENA Ear Drop is used to treat ear infections. It works by killing microorganisms that cause infection.\nIt blocks the release of certain chemical messengers that cause redness, swelling, and itching. It also works by blocking pain signals to the brain to decrease the pain sensation.""},{""Review_text"":""OTENA ear drop is a combination of medicine used to treat ear infection caused by microorganism such as Bactria and Fungai, it also block the release of chemical that cause symptoms such as itching ,redness, swelling, and ear discharge .""},{""Review_text"":""OTENA Ear Drop is a combination medicine that is used to treat ear pain. It numbs the pain that occurs with ear infections caused by bacteria. This way it relieves the symptoms of inflammation such as pain, itchiness, and irritation.""}]","[{""Reviewer_name"":""by expert opinion on Sep 20, 2020""},{""Reviewer_name"":""by Shirya Chanchal on Apr 16, 2021""},{""Reviewer_name"":""by Neha Yadav on Apr 21, 2021""},{""Reviewer_name"":""by saifi7500 on Apr 19, 2021""},{""Reviewer_name"":""by Vibhor on Apr 17, 2021""}]","[{""Review_Hadline"":""Amazing product that works wonderby expert opinion on Sep 20, 2020""},{""Review_Hadline"":""It provides relief in pain and discomfort caused by the infection.by Shirya Chanchal on Apr 16, 2021""},{""Review_Hadline"":""Rapidly relief from pain sensation.by Neha Yadav on Apr 21, 2021""},{""Review_Hadline"":""Relief from pain and control from infectionby saifi7500 on Apr 19, 2021""},{""Review_Hadline"":""It controls infection of ears and provide relief from pain.by Vibhor on Apr 17, 2021""}]","[{""Date"":""by expert opinion on Sep 20, 2020""},{""Date"":""by Shirya Chanchal on Apr 16, 2021""},{""Date"":""by Neha Yadav on Apr 21, 2021""},{""Date"":""by saifi7500 on Apr 19, 2021""},{""Date"":""by Vibhor on Apr 17, 2021""}]","[{""Useful"":""Ear Pain""}]",            3x5,113
1690175697-22,https://www.healthmug.com/products/ayurveda/9,"Sold OutWillmar Schwabe India Dizester Herbal (200ml, Pack of 3)Soothe your stomach and improve digestion with our sugar-free syrup 390 19550 %",https://www.healthmug.com/product/willmar-schwabe-india-dizester-herbal-200ml-pack-of-3/929645476,"[{""Category"":""Ayurveda""},{""Category"":""Medicines""}]","Willmar Schwabe India Dizester Herbal (200ml, Pack of 3)","[{""Image"":"""",""image_src"":""https://static.oxinis.com/healthmug/image/product/131078-1-30.webp""},{""Image"":"""",""image_src"":""https://static.oxinis.com/healthmug/image/product/131078-1-400.webp""},{""Image"":"""",""image_src"":""https://static.oxinis.com/healthmug/image/product/131078-1-80.webp""},{""Image"":"""",""image_src"":""https://static.oxinis.com/healthmug/image/product/131078-1-80.webp""}]",,390,195,50,"<div class=""productDetailFull""><div><h2>Also known as</h2><p>Sugar free syrup for Digestion bloating stomach upset improve Indigestion</p></div><div><h2>Properties</h2><div class=""properties""><div class=""propertyRow""><div class=""propertyLable"">Weight</div><div class=""propertyValue"">840 (gms)</div></div><div class=""propertyRow""><div class=""propertyLable"">Dimensions</div><div class=""propertyValue"">16.5 (cm) x 16.5 (cm) x 15.5 (cm)</div></div></div></div><div><h2>About Willmar Schwabe India Dizester Herbal (200ml, Pack of 3)</h2>
<p>An exceptionally successful definition to regularize absorption. It is a period where everything needs to happen quickly. Quick eating, inexpensive food, is valid in instances of nourishment. Acid reflux and related issues are on the rise. ready-to-prepare instant food things have consumed a huge space in our food habits. These taste enhancers make us eat more. It makes it harder for our digestive system to digest them Remembering these adjusted ways of life; Schwabe has built up another item Dizester Herbal™ to help to process. This Digestive Tonic is similarly helpful in instances of lazy processing and sluggish liver function.</p>
<h3>Contains</h3>
<ul>
  <li>3- Willmar Schwabe India Dizester Herbal 200ml</li>
</ul>
<h2>Ingredients used in Willmar Schwabe India Dizester Herbal</h2>
<ul>
  <li>Kala Jeera (Carum carvi)</li>
  <li>Sanay (Cassia angustifolia)</li>
  <li>Amaltas (Cassia fistula)</li>
  <li>Jeera (Cuminum cyminum)</li>
  <li>Hing (Ferula asafoetida)</li>
  <li>Saunf (Foeniculum vulgare)</li>
  <li>Pudina (Mentha piperita)</li>
  <li>Moringa (Moringa oleifera)</li>
  <li>Jaiphal (Myristica fragrans)</li>
  <li>Harad (Terminalia chebula)</li>
  <li>Ajwain (Trachyspermum ammi)</li>
  <li>Sonth (Zingiber officinale)</li>
</ul>
<h2>Indications of Willmar Schwabe India Dizester Herbal</h2>
<ul>
  <li>For digestive system</li>
  <li>Indigestion</li>
  <li>Acidity</li>
  <li>For liver functions leading to slow digestion</li>
  <li>Gastric &amp; bowel disturbances</li>
  <li>Constipation</li>
  <li>Diarrhoea</li>
  <li>Flatulence</li>
  <li>Abdominal distension</li>
  <li>Constipation</li>
  <li>Pain in stomach</li>
  <li>Bloating</li>
</ul>
<h2>Benefits of Willmar Schwabe India Dizester Herbal</h2>
<ul>
  <li>It may have a soothing effect on the digestive system</li>
  <li>Dizester Herbal syrup helps as an anti-spasmodic and helpful in stomach pain</li>
  <li>It is helpful in loss of appetite</li>
  <li>Dizester Herbal covers various types of colic, bilious colic, flatulent colic</li>
  <li>The composition is used in the accumulation of gas, making it work in flatulence</li>
  <li>It is beneficial in Acidity, Flatulence, Nausea, and Vomiting Acid reflux</li>
</ul>
<h2>Dosage of Willmar Schwabe Dizester Herbal Tonic</h2>
<p><strong>Adults:</strong> 1/2 teaspoon every 1-3 hours, subsequently 1-2 teaspoons 2-3 times daily</p>
<p><strong>Children</strong>: Half of the adult dose or as suggested by the physician.</p>
<h2>Precautions to be taken while using Willmar Schwabe Dizester Herbal Tonic</h2>
<ul>
  <li>Use under clinical guidance</li>
  <li>Try not to exceed the recommended dose</li>
  <li>Keep away from the reach of children</li>
  <li>Read the directions carefully while using the product</li>
  <li>Keep the product in a cool and dry place away from sunlight and heat</li>
</ul>
<h2>Additional Information</h2>
<ul>
  <li>100% Genuine Product</li>
  <li>Results may vary with the lifestyle and diet adopted</li>
  <li>Pregnant &amp; lactating women should consult their doctor before taking any medication or health supplement</li>
  <li>Depending upon the lighting and screen resolution, the colour of the product may slightly vary</li>
</ul></div><div><h2>Terms and Conditions</h2><p>We have assumed that you  have consulted a physician before purchasing this medicine and are not self medicating.</p></div></div>",840,"[{""Question"":""show me the ingredients""},{""Question"":""Why not showing MFG or EXP date of this product""},{""Question"":""This can be used for 2 year child""},{""Question"":""Exp date products send me why??""},{""Question"":""What is the expiry date? Please mention for all products.""}]",[],4.1,https://static.oxinis.com/healthmug/image/brand/2-150.jpg,Willmar Schwabe India,16.5,16.5,15.5,"[{""Review_text"":""This is an excellent digestive tonic. A couple of day's use and one can feel how comfortable the bowel movement becomes. Works very effectively on gas and acidity. I highly recommend it.""},{""Review_text"":""I have been using Dizester Herbal tonic from quite sometime, and it has yielded amazing results in providing relief from Acidity and heart burns. A Must Buy product!!!!!""},{""Review_text"":""Willmar Schwabe India Dizester Herbal works best for me. Give me relief from acidity and indigestion. It should be the primary digestion syrup at home.""},{""Review_text"":""I drink many times but not effective. i bought 6 bottle,waste of money.""},{""Review_text"":""Finally a medicine that actually works in real time.""}]","[{""Reviewer_name"":""by Magna Sarkar on May 10, 2020""},{""Reviewer_name"":""by Nivima on Feb 17, 2020""},{""Reviewer_name"":""by Banrwal on Feb 17, 2020""},{""Reviewer_name"":""by anilsrj on Jul 06, 2020""},{""Reviewer_name"":""by Mradul Kaushik on Feb 04, 2021""}]","[{""Review_Hadline"":""Complete solution for indigestion!by Magna Sarkar on May 10, 2020""},{""Review_Hadline"":""Dizester Herbal tonic is an amazing Product.by Nivima on Feb 17, 2020""},{""Review_Hadline"":""Best Ayuvedic Digestive Tonicby Banrwal on Feb 17, 2020""},{""Review_Hadline"":""Not effectiveby anilsrj on Jul 06, 2020""},{""Review_Hadline"":""Great herbal medicine for digestion issuesby Mradul Kaushik on Feb 04, 2021""}]","[{""Date"":""by Magna Sarkar on May 10, 2020""},{""Date"":""by Nivima on Feb 17, 2020""},{""Date"":""by Banrwal on Feb 17, 2020""},{""Date"":""by anilsrj on Jul 06, 2020""},{""Date"":""by Mradul Kaushik on Feb 04, 2021""}]","[{""Useful"":""Indigestion/Acidity/Gas""}]",200,91
1690175697-23,https://www.healthmug.com/products/ayurveda/9,"Sold OutWillmar Schwabe India Dizester Herbal (200ml, Pack of 3)Soothe your stomach and improve digestion with our sugar-free syrup 390 19550 %",https://www.healthmug.com/product/willmar-schwabe-india-dizester-herbal-200ml-pack-of-3/929645476,"[{""Category"":""Ayurveda""},{""Category"":""Medicines""}]","Willmar Schwabe India Dizester Herbal (200ml, Pack of 3)","[{""Image"":"""",""image_src"":""https://static.oxinis.com/healthmug/image/product/131078-1-30.webp""},{""Image"":"""",""image_src"":""https://static.oxinis.com/healthmug/image/product/131078-1-400.webp""},{""Image"":"""",""image_src"":""https://static.oxinis.com/healthmug/image/product/131078-1-80.webp""},{""Image"":"""",""image_src"":""https://static.oxinis.com/healthmug/image/product/131078-1-80.webp""}]",,390,195,50,"<div class=""productDetailFull""><div><h2>Also known as</h2><p>Sugar free syrup for Digestion bloating stomach upset improve Indigestion</p></div><div><h2>Properties</h2><div class=""properties""><div class=""propertyRow""><div class=""propertyLable"">Weight</div><div class=""propertyValue"">840 (gms)</div></div><div class=""propertyRow""><div class=""propertyLable"">Dimensions</div><div class=""propertyValue"">16.5 (cm) x 16.5 (cm) x 15.5 (cm)</div></div></div></div><div><h2>About Willmar Schwabe India Dizester Herbal (200ml, Pack of 3)</h2>
<p>An exceptionally successful definition to regularize absorption. It is a period where everything needs to happen quickly. Quick eating, inexpensive food, is valid in instances of nourishment. Acid reflux and related issues are on the rise. ready-to-prepare instant food things have consumed a huge space in our food habits. These taste enhancers make us eat more. It makes it harder for our digestive system to digest them Remembering these adjusted ways of life; Schwabe has built up another item Dizester Herbal™ to help to process. This Digestive Tonic is similarly helpful in instances of lazy processing and sluggish liver function.</p>
<h3>Contains</h3>
<ul>
  <li>3- Willmar Schwabe India Dizester Herbal 200ml</li>
</ul>
<h2>Ingredients used in Willmar Schwabe India Dizester Herbal</h2>
<ul>
  <li>Kala Jeera (Carum carvi)</li>
  <li>Sanay (Cassia angustifolia)</li>
  <li>Amaltas (Cassia fistula)</li>
  <li>Jeera (Cuminum cyminum)</li>
  <li>Hing (Ferula asafoetida)</li>
  <li>Saunf (Foeniculum vulgare)</li>
  <li>Pudina (Mentha piperita)</li>
  <li>Moringa (Moringa oleifera)</li>
  <li>Jaiphal (Myristica fragrans)</li>
  <li>Harad (Terminalia chebula)</li>
  <li>Ajwain (Trachyspermum ammi)</li>
  <li>Sonth (Zingiber officinale)</li>
</ul>
<h2>Indications of Willmar Schwabe India Dizester Herbal</h2>
<ul>
  <li>For digestive system</li>
  <li>Indigestion</li>
  <li>Acidity</li>
  <li>For liver functions leading to slow digestion</li>
  <li>Gastric &amp; bowel disturbances</li>
  <li>Constipation</li>
  <li>Diarrhoea</li>
  <li>Flatulence</li>
  <li>Abdominal distension</li>
  <li>Constipation</li>
  <li>Pain in stomach</li>
  <li>Bloating</li>
</ul>
<h2>Benefits of Willmar Schwabe India Dizester Herbal</h2>
<ul>
  <li>It may have a soothing effect on the digestive system</li>
  <li>Dizester Herbal syrup helps as an anti-spasmodic and helpful in stomach pain</li>
  <li>It is helpful in loss of appetite</li>
  <li>Dizester Herbal covers various types of colic, bilious colic, flatulent colic</li>
  <li>The composition is used in the accumulation of gas, making it work in flatulence</li>
  <li>It is beneficial in Acidity, Flatulence, Nausea, and Vomiting Acid reflux</li>
</ul>
<h2>Dosage of Willmar Schwabe Dizester Herbal Tonic</h2>
<p><strong>Adults:</strong> 1/2 teaspoon every 1-3 hours, subsequently 1-2 teaspoons 2-3 times daily</p>
<p><strong>Children</strong>: Half of the adult dose or as suggested by the physician.</p>
<h2>Precautions to be taken while using Willmar Schwabe Dizester Herbal Tonic</h2>
<ul>
  <li>Use under clinical guidance</li>
  <li>Try not to exceed the recommended dose</li>
  <li>Keep away from the reach of children</li>
  <li>Read the directions carefully while using the product</li>
  <li>Keep the product in a cool and dry place away from sunlight and heat</li>
</ul>
<h2>Additional Information</h2>
<ul>
  <li>100% Genuine Product</li>
  <li>Results may vary with the lifestyle and diet adopted</li>
  <li>Pregnant &amp; lactating women should consult their doctor before taking any medication or health supplement</li>
  <li>Depending upon the lighting and screen resolution, the colour of the product may slightly vary</li>
</ul></div><div><h2>Terms and Conditions</h2><p>We have assumed that you  have consulted a physician before purchasing this medicine and are not self medicating.</p></div></div>",840,"[{""Question"":""show me the ingredients""},{""Question"":""Why not showing MFG or EXP date of this product""},{""Question"":""This can be used for 2 year child""},{""Question"":""Exp date products send me why??""},{""Question"":""What is the expiry date? Please mention for all products.""}]",[],4.1,https://static.oxinis.com/healthmug/image/brand/2-150.jpg,Willmar Schwabe India,16.5,16.5,15.5,"[{""Review_text"":""This is an excellent digestive tonic. A couple of day's use and one can feel how comfortable the bowel movement becomes. Works very effectively on gas and acidity. I highly recommend it.""},{""Review_text"":""I have been using Dizester Herbal tonic from quite sometime, and it has yielded amazing results in providing relief from Acidity and heart burns. A Must Buy product!!!!!""},{""Review_text"":""Willmar Schwabe India Dizester Herbal works best for me. Give me relief from acidity and indigestion. It should be the primary digestion syrup at home.""},{""Review_text"":""I drink many times but not effective. i bought 6 bottle,waste of money.""},{""Review_text"":""Finally a medicine that actually works in real time.""}]","[{""Reviewer_name"":""by Magna Sarkar on May 10, 2020""},{""Reviewer_name"":""by Nivima on Feb 17, 2020""},{""Reviewer_name"":""by Banrwal on Feb 17, 2020""},{""Reviewer_name"":""by anilsrj on Jul 06, 2020""},{""Reviewer_name"":""by Mradul Kaushik on Feb 04, 2021""}]","[{""Review_Hadline"":""Complete solution for indigestion!by Magna Sarkar on May 10, 2020""},{""Review_Hadline"":""Dizester Herbal tonic is an amazing Product.by Nivima on Feb 17, 2020""},{""Review_Hadline"":""Best Ayuvedic Digestive Tonicby Banrwal on Feb 17, 2020""},{""Review_Hadline"":""Not effectiveby anilsrj on Jul 06, 2020""},{""Review_Hadline"":""Great herbal medicine for digestion issuesby Mradul Kaushik on Feb 04, 2021""}]","[{""Date"":""by Magna Sarkar on May 10, 2020""},{""Date"":""by Nivima on Feb 17, 2020""},{""Date"":""by Banrwal on Feb 17, 2020""},{""Date"":""by anilsrj on Jul 06, 2020""},{""Date"":""by Mradul Kaushik on Feb 04, 2021""}]","[{""Useful"":""Indigestion/Acidity/Gas""}]",         3x200,195
1690175697-24,https://www.healthmug.com/products/ayurveda/9,"Sold OutWillmar Schwabe India Dizester Herbal (200ml, Pack of 3)Soothe your stomach and improve digestion with our sugar-free syrup 390 19550 %",https://www.healthmug.com/product/willmar-schwabe-india-dizester-herbal-200ml-pack-of-3/929645476,"[{""Category"":""Ayurveda""},{""Category"":""Medicines""}]","Willmar Schwabe India Dizester Herbal (200ml, Pack of 3)","[{""Image"":"""",""image_src"":""https://static.oxinis.com/healthmug/image/product/131078-1-30.webp""},{""Image"":"""",""image_src"":""https://static.oxinis.com/healthmug/image/product/131078-1-400.webp""},{""Image"":"""",""image_src"":""https://static.oxinis.com/healthmug/image/product/131078-1-80.webp""},{""Image"":"""",""image_src"":""https://static.oxinis.com/healthmug/image/product/131078-1-80.webp""}]",,390,195,50,"<div class=""productDetailFull""><div><h2>Also known as</h2><p>Sugar free syrup for Digestion bloating stomach upset improve Indigestion</p></div><div><h2>Properties</h2><div class=""properties""><div class=""propertyRow""><div class=""propertyLable"">Weight</div><div class=""propertyValue"">840 (gms)</div></div><div class=""propertyRow""><div class=""propertyLable"">Dimensions</div><div class=""propertyValue"">16.5 (cm) x 16.5 (cm) x 15.5 (cm)</div></div></div></div><div><h2>About Willmar Schwabe India Dizester Herbal (200ml, Pack of 3)</h2>
<p>An exceptionally successful definition to regularize absorption. It is a period where everything needs to happen quickly. Quick eating, inexpensive food, is valid in instances of nourishment. Acid reflux and related issues are on the rise. ready-to-prepare instant food things have consumed a huge space in our food habits. These taste enhancers make us eat more. It makes it harder for our digestive system to digest them Remembering these adjusted ways of life; Schwabe has built up another item Dizester Herbal™ to help to process. This Digestive Tonic is similarly helpful in instances of lazy processing and sluggish liver function.</p>
<h3>Contains</h3>
<ul>
  <li>3- Willmar Schwabe India Dizester Herbal 200ml</li>
</ul>
<h2>Ingredients used in Willmar Schwabe India Dizester Herbal</h2>
<ul>
  <li>Kala Jeera (Carum carvi)</li>
  <li>Sanay (Cassia angustifolia)</li>
  <li>Amaltas (Cassia fistula)</li>
  <li>Jeera (Cuminum cyminum)</li>
  <li>Hing (Ferula asafoetida)</li>
  <li>Saunf (Foeniculum vulgare)</li>
  <li>Pudina (Mentha piperita)</li>
  <li>Moringa (Moringa oleifera)</li>
  <li>Jaiphal (Myristica fragrans)</li>
  <li>Harad (Terminalia chebula)</li>
  <li>Ajwain (Trachyspermum ammi)</li>
  <li>Sonth (Zingiber officinale)</li>
</ul>
<h2>Indications of Willmar Schwabe India Dizester Herbal</h2>
<ul>
  <li>For digestive system</li>
  <li>Indigestion</li>
  <li>Acidity</li>
  <li>For liver functions leading to slow digestion</li>
  <li>Gastric &amp; bowel disturbances</li>
  <li>Constipation</li>
  <li>Diarrhoea</li>
  <li>Flatulence</li>
  <li>Abdominal distension</li>
  <li>Constipation</li>
  <li>Pain in stomach</li>
  <li>Bloating</li>
</ul>
<h2>Benefits of Willmar Schwabe India Dizester Herbal</h2>
<ul>
  <li>It may have a soothing effect on the digestive system</li>
  <li>Dizester Herbal syrup helps as an anti-spasmodic and helpful in stomach pain</li>
  <li>It is helpful in loss of appetite</li>
  <li>Dizester Herbal covers various types of colic, bilious colic, flatulent colic</li>
  <li>The composition is used in the accumulation of gas, making it work in flatulence</li>
  <li>It is beneficial in Acidity, Flatulence, Nausea, and Vomiting Acid reflux</li>
</ul>
<h2>Dosage of Willmar Schwabe Dizester Herbal Tonic</h2>
<p><strong>Adults:</strong> 1/2 teaspoon every 1-3 hours, subsequently 1-2 teaspoons 2-3 times daily</p>
<p><strong>Children</strong>: Half of the adult dose or as suggested by the physician.</p>
<h2>Precautions to be taken while using Willmar Schwabe Dizester Herbal Tonic</h2>
<ul>
  <li>Use under clinical guidance</li>
  <li>Try not to exceed the recommended dose</li>
  <li>Keep away from the reach of children</li>
  <li>Read the directions carefully while using the product</li>
  <li>Keep the product in a cool and dry place away from sunlight and heat</li>
</ul>
<h2>Additional Information</h2>
<ul>
  <li>100% Genuine Product</li>
  <li>Results may vary with the lifestyle and diet adopted</li>
  <li>Pregnant &amp; lactating women should consult their doctor before taking any medication or health supplement</li>
  <li>Depending upon the lighting and screen resolution, the colour of the product may slightly vary</li>
</ul></div><div><h2>Terms and Conditions</h2><p>We have assumed that you  have consulted a physician before purchasing this medicine and are not self medicating.</p></div></div>",840,"[{""Question"":""show me the ingredients""},{""Question"":""Why not showing MFG or EXP date of this product""},{""Question"":""This can be used for 2 year child""},{""Question"":""Exp date products send me why??""},{""Question"":""What is the expiry date? Please mention for all products.""}]",[],4.1,https://static.oxinis.com/healthmug/image/brand/2-150.jpg,Willmar Schwabe India,16.5,16.5,15.5,"[{""Review_text"":""This is an excellent digestive tonic. A couple of day's use and one can feel how comfortable the bowel movement becomes. Works very effectively on gas and acidity. I highly recommend it.""},{""Review_text"":""I have been using Dizester Herbal tonic from quite sometime, and it has yielded amazing results in providing relief from Acidity and heart burns. A Must Buy product!!!!!""},{""Review_text"":""Willmar Schwabe India Dizester Herbal works best for me. Give me relief from acidity and indigestion. It should be the primary digestion syrup at home.""},{""Review_text"":""I drink many times but not effective. i bought 6 bottle,waste of money.""},{""Review_text"":""Finally a medicine that actually works in real time.""}]","[{""Reviewer_name"":""by Magna Sarkar on May 10, 2020""},{""Reviewer_name"":""by Nivima on Feb 17, 2020""},{""Reviewer_name"":""by Banrwal on Feb 17, 2020""},{""Reviewer_name"":""by anilsrj on Jul 06, 2020""},{""Reviewer_name"":""by Mradul Kaushik on Feb 04, 2021""}]","[{""Review_Hadline"":""Complete solution for indigestion!by Magna Sarkar on May 10, 2020""},{""Review_Hadline"":""Dizester Herbal tonic is an amazing Product.by Nivima on Feb 17, 2020""},{""Review_Hadline"":""Best Ayuvedic Digestive Tonicby Banrwal on Feb 17, 2020""},{""Review_Hadline"":""Not effectiveby anilsrj on Jul 06, 2020""},{""Review_Hadline"":""Great herbal medicine for digestion issuesby Mradul Kaushik on Feb 04, 2021""}]","[{""Date"":""by Magna Sarkar on May 10, 2020""},{""Date"":""by Nivima on Feb 17, 2020""},{""Date"":""by Banrwal on Feb 17, 2020""},{""Date"":""by anilsrj on Jul 06, 2020""},{""Date"":""by Mradul Kaushik on Feb 04, 2021""}]","[{""Useful"":""Indigestion/Acidity/Gas""}]",450,188
1690175697-25,https://www.healthmug.com/products/ayurveda/9,"Sold OutWillmar Schwabe India Dizester Herbal (200ml, Pack of 3)Soothe your stomach and improve digestion with our sugar-free syrup 390 19550 %",https://www.healthmug.com/product/willmar-schwabe-india-dizester-herbal-200ml-pack-of-3/929645476,"[{""Category"":""Ayurveda""},{""Category"":""Medicines""}]","Willmar Schwabe India Dizester Herbal (200ml, Pack of 3)","[{""Image"":"""",""image_src"":""https://static.oxinis.com/healthmug/image/product/131078-1-30.webp""},{""Image"":"""",""image_src"":""https://static.oxinis.com/healthmug/image/product/131078-1-400.webp""},{""Image"":"""",""image_src"":""https://static.oxinis.com/healthmug/image/product/131078-1-80.webp""},{""Image"":"""",""image_src"":""https://static.oxinis.com/healthmug/image/product/131078-1-80.webp""}]",,390,195,50,"<div class=""productDetailFull""><div><h2>Also known as</h2><p>Sugar free syrup for Digestion bloating stomach upset improve Indigestion</p></div><div><h2>Properties</h2><div class=""properties""><div class=""propertyRow""><div class=""propertyLable"">Weight</div><div class=""propertyValue"">840 (gms)</div></div><div class=""propertyRow""><div class=""propertyLable"">Dimensions</div><div class=""propertyValue"">16.5 (cm) x 16.5 (cm) x 15.5 (cm)</div></div></div></div><div><h2>About Willmar Schwabe India Dizester Herbal (200ml, Pack of 3)</h2>
<p>An exceptionally successful definition to regularize absorption. It is a period where everything needs to happen quickly. Quick eating, inexpensive food, is valid in instances of nourishment. Acid reflux and related issues are on the rise. ready-to-prepare instant food things have consumed a huge space in our food habits. These taste enhancers make us eat more. It makes it harder for our digestive system to digest them Remembering these adjusted ways of life; Schwabe has built up another item Dizester Herbal™ to help to process. This Digestive Tonic is similarly helpful in instances of lazy processing and sluggish liver function.</p>
<h3>Contains</h3>
<ul>
  <li>3- Willmar Schwabe India Dizester Herbal 200ml</li>
</ul>
<h2>Ingredients used in Willmar Schwabe India Dizester Herbal</h2>
<ul>
  <li>Kala Jeera (Carum carvi)</li>
  <li>Sanay (Cassia angustifolia)</li>
  <li>Amaltas (Cassia fistula)</li>
  <li>Jeera (Cuminum cyminum)</li>
  <li>Hing (Ferula asafoetida)</li>
  <li>Saunf (Foeniculum vulgare)</li>
  <li>Pudina (Mentha piperita)</li>
  <li>Moringa (Moringa oleifera)</li>
  <li>Jaiphal (Myristica fragrans)</li>
  <li>Harad (Terminalia chebula)</li>
  <li>Ajwain (Trachyspermum ammi)</li>
  <li>Sonth (Zingiber officinale)</li>
</ul>
<h2>Indications of Willmar Schwabe India Dizester Herbal</h2>
<ul>
  <li>For digestive system</li>
  <li>Indigestion</li>
  <li>Acidity</li>
  <li>For liver functions leading to slow digestion</li>
  <li>Gastric &amp; bowel disturbances</li>
  <li>Constipation</li>
  <li>Diarrhoea</li>
  <li>Flatulence</li>
  <li>Abdominal distension</li>
  <li>Constipation</li>
  <li>Pain in stomach</li>
  <li>Bloating</li>
</ul>
<h2>Benefits of Willmar Schwabe India Dizester Herbal</h2>
<ul>
  <li>It may have a soothing effect on the digestive system</li>
  <li>Dizester Herbal syrup helps as an anti-spasmodic and helpful in stomach pain</li>
  <li>It is helpful in loss of appetite</li>
  <li>Dizester Herbal covers various types of colic, bilious colic, flatulent colic</li>
  <li>The composition is used in the accumulation of gas, making it work in flatulence</li>
  <li>It is beneficial in Acidity, Flatulence, Nausea, and Vomiting Acid reflux</li>
</ul>
<h2>Dosage of Willmar Schwabe Dizester Herbal Tonic</h2>
<p><strong>Adults:</strong> 1/2 teaspoon every 1-3 hours, subsequently 1-2 teaspoons 2-3 times daily</p>
<p><strong>Children</strong>: Half of the adult dose or as suggested by the physician.</p>
<h2>Precautions to be taken while using Willmar Schwabe Dizester Herbal Tonic</h2>
<ul>
  <li>Use under clinical guidance</li>
  <li>Try not to exceed the recommended dose</li>
  <li>Keep away from the reach of children</li>
  <li>Read the directions carefully while using the product</li>
  <li>Keep the product in a cool and dry place away from sunlight and heat</li>
</ul>
<h2>Additional Information</h2>
<ul>
  <li>100% Genuine Product</li>
  <li>Results may vary with the lifestyle and diet adopted</li>
  <li>Pregnant &amp; lactating women should consult their doctor before taking any medication or health supplement</li>
  <li>Depending upon the lighting and screen resolution, the colour of the product may slightly vary</li>
</ul></div><div><h2>Terms and Conditions</h2><p>We have assumed that you  have consulted a physician before purchasing this medicine and are not self medicating.</p></div></div>",840,"[{""Question"":""show me the ingredients""},{""Question"":""Why not showing MFG or EXP date of this product""},{""Question"":""This can be used for 2 year child""},{""Question"":""Exp date products send me why??""},{""Question"":""What is the expiry date? Please mention for all products.""}]",[],4.1,https://static.oxinis.com/healthmug/image/brand/2-150.jpg,Willmar Schwabe India,16.5,16.5,15.5,"[{""Review_text"":""This is an excellent digestive tonic. A couple of day's use and one can feel how comfortable the bowel movement becomes. Works very effectively on gas and acidity. I highly recommend it.""},{""Review_text"":""I have been using Dizester Herbal tonic from quite sometime, and it has yielded amazing results in providing relief from Acidity and heart burns. A Must Buy product!!!!!""},{""Review_text"":""Willmar Schwabe India Dizester Herbal works best for me. Give me relief from acidity and indigestion. It should be the primary digestion syrup at home.""},{""Review_text"":""I drink many times but not effective. i bought 6 bottle,waste of money.""},{""Review_text"":""Finally a medicine that actually works in real time.""}]","[{""Reviewer_name"":""by Magna Sarkar on May 10, 2020""},{""Reviewer_name"":""by Nivima on Feb 17, 2020""},{""Reviewer_name"":""by Banrwal on Feb 17, 2020""},{""Reviewer_name"":""by anilsrj on Jul 06, 2020""},{""Reviewer_name"":""by Mradul Kaushik on Feb 04, 2021""}]","[{""Review_Hadline"":""Complete solution for indigestion!by Magna Sarkar on May 10, 2020""},{""Review_Hadline"":""Dizester Herbal tonic is an amazing Product.by Nivima on Feb 17, 2020""},{""Review_Hadline"":""Best Ayuvedic Digestive Tonicby Banrwal on Feb 17, 2020""},{""Review_Hadline"":""Not effectiveby anilsrj on Jul 06, 2020""},{""Review_Hadline"":""Great herbal medicine for digestion issuesby Mradul Kaushik on Feb 04, 2021""}]","[{""Date"":""by Magna Sarkar on May 10, 2020""},{""Date"":""by Nivima on Feb 17, 2020""},{""Date"":""by Banrwal on Feb 17, 2020""},{""Date"":""by anilsrj on Jul 06, 2020""},{""Date"":""by Mradul Kaushik on Feb 04, 2021""}]","[{""Useful"":""Indigestion/Acidity/Gas""}]",         2x450,282
1690175697-26,https://www.healthmug.com/products/ayurveda/9,"Sold OutWillmar Schwabe India Dizester Herbal (200ml, Pack of 3)Soothe your stomach and improve digestion with our sugar-free syrup 390 19550 %",https://www.healthmug.com/product/willmar-schwabe-india-dizester-herbal-200ml-pack-of-3/929645476,"[{""Category"":""Ayurveda""},{""Category"":""Medicines""}]","Willmar Schwabe India Dizester Herbal (200ml, Pack of 3)","[{""Image"":"""",""image_src"":""https://static.oxinis.com/healthmug/image/product/131078-1-30.webp""},{""Image"":"""",""image_src"":""https://static.oxinis.com/healthmug/image/product/131078-1-400.webp""},{""Image"":"""",""image_src"":""https://static.oxinis.com/healthmug/image/product/131078-1-80.webp""},{""Image"":"""",""image_src"":""https://static.oxinis.com/healthmug/image/product/131078-1-80.webp""}]",,390,195,50,"<div class=""productDetailFull""><div><h2>Also known as</h2><p>Sugar free syrup for Digestion bloating stomach upset improve Indigestion</p></div><div><h2>Properties</h2><div class=""properties""><div class=""propertyRow""><div class=""propertyLable"">Weight</div><div class=""propertyValue"">840 (gms)</div></div><div class=""propertyRow""><div class=""propertyLable"">Dimensions</div><div class=""propertyValue"">16.5 (cm) x 16.5 (cm) x 15.5 (cm)</div></div></div></div><div><h2>About Willmar Schwabe India Dizester Herbal (200ml, Pack of 3)</h2>
<p>An exceptionally successful definition to regularize absorption. It is a period where everything needs to happen quickly. Quick eating, inexpensive food, is valid in instances of nourishment. Acid reflux and related issues are on the rise. ready-to-prepare instant food things have consumed a huge space in our food habits. These taste enhancers make us eat more. It makes it harder for our digestive system to digest them Remembering these adjusted ways of life; Schwabe has built up another item Dizester Herbal™ to help to process. This Digestive Tonic is similarly helpful in instances of lazy processing and sluggish liver function.</p>
<h3>Contains</h3>
<ul>
  <li>3- Willmar Schwabe India Dizester Herbal 200ml</li>
</ul>
<h2>Ingredients used in Willmar Schwabe India Dizester Herbal</h2>
<ul>
  <li>Kala Jeera (Carum carvi)</li>
  <li>Sanay (Cassia angustifolia)</li>
  <li>Amaltas (Cassia fistula)</li>
  <li>Jeera (Cuminum cyminum)</li>
  <li>Hing (Ferula asafoetida)</li>
  <li>Saunf (Foeniculum vulgare)</li>
  <li>Pudina (Mentha piperita)</li>
  <li>Moringa (Moringa oleifera)</li>
  <li>Jaiphal (Myristica fragrans)</li>
  <li>Harad (Terminalia chebula)</li>
  <li>Ajwain (Trachyspermum ammi)</li>
  <li>Sonth (Zingiber officinale)</li>
</ul>
<h2>Indications of Willmar Schwabe India Dizester Herbal</h2>
<ul>
  <li>For digestive system</li>
  <li>Indigestion</li>
  <li>Acidity</li>
  <li>For liver functions leading to slow digestion</li>
  <li>Gastric &amp; bowel disturbances</li>
  <li>Constipation</li>
  <li>Diarrhoea</li>
  <li>Flatulence</li>
  <li>Abdominal distension</li>
  <li>Constipation</li>
  <li>Pain in stomach</li>
  <li>Bloating</li>
</ul>
<h2>Benefits of Willmar Schwabe India Dizester Herbal</h2>
<ul>
  <li>It may have a soothing effect on the digestive system</li>
  <li>Dizester Herbal syrup helps as an anti-spasmodic and helpful in stomach pain</li>
  <li>It is helpful in loss of appetite</li>
  <li>Dizester Herbal covers various types of colic, bilious colic, flatulent colic</li>
  <li>The composition is used in the accumulation of gas, making it work in flatulence</li>
  <li>It is beneficial in Acidity, Flatulence, Nausea, and Vomiting Acid reflux</li>
</ul>
<h2>Dosage of Willmar Schwabe Dizester Herbal Tonic</h2>
<p><strong>Adults:</strong> 1/2 teaspoon every 1-3 hours, subsequently 1-2 teaspoons 2-3 times daily</p>
<p><strong>Children</strong>: Half of the adult dose or as suggested by the physician.</p>
<h2>Precautions to be taken while using Willmar Schwabe Dizester Herbal Tonic</h2>
<ul>
  <li>Use under clinical guidance</li>
  <li>Try not to exceed the recommended dose</li>
  <li>Keep away from the reach of children</li>
  <li>Read the directions carefully while using the product</li>
  <li>Keep the product in a cool and dry place away from sunlight and heat</li>
</ul>
<h2>Additional Information</h2>
<ul>
  <li>100% Genuine Product</li>
  <li>Results may vary with the lifestyle and diet adopted</li>
  <li>Pregnant &amp; lactating women should consult their doctor before taking any medication or health supplement</li>
  <li>Depending upon the lighting and screen resolution, the colour of the product may slightly vary</li>
</ul></div><div><h2>Terms and Conditions</h2><p>We have assumed that you  have consulted a physician before purchasing this medicine and are not self medicating.</p></div></div>",840,"[{""Question"":""show me the ingredients""},{""Question"":""Why not showing MFG or EXP date of this product""},{""Question"":""This can be used for 2 year child""},{""Question"":""Exp date products send me why??""},{""Question"":""What is the expiry date? Please mention for all products.""}]",[],4.1,https://static.oxinis.com/healthmug/image/brand/2-150.jpg,Willmar Schwabe India,16.5,16.5,15.5,"[{""Review_text"":""This is an excellent digestive tonic. A couple of day's use and one can feel how comfortable the bowel movement becomes. Works very effectively on gas and acidity. I highly recommend it.""},{""Review_text"":""I have been using Dizester Herbal tonic from quite sometime, and it has yielded amazing results in providing relief from Acidity and heart burns. A Must Buy product!!!!!""},{""Review_text"":""Willmar Schwabe India Dizester Herbal works best for me. Give me relief from acidity and indigestion. It should be the primary digestion syrup at home.""},{""Review_text"":""I drink many times but not effective. i bought 6 bottle,waste of money.""},{""Review_text"":""Finally a medicine that actually works in real time.""}]","[{""Reviewer_name"":""by Magna Sarkar on May 10, 2020""},{""Reviewer_name"":""by Nivima on Feb 17, 2020""},{""Reviewer_name"":""by Banrwal on Feb 17, 2020""},{""Reviewer_name"":""by anilsrj on Jul 06, 2020""},{""Reviewer_name"":""by Mradul Kaushik on Feb 04, 2021""}]","[{""Review_Hadline"":""Complete solution for indigestion!by Magna Sarkar on May 10, 2020""},{""Review_Hadline"":""Dizester Herbal tonic is an amazing Product.by Nivima on Feb 17, 2020""},{""Review_Hadline"":""Best Ayuvedic Digestive Tonicby Banrwal on Feb 17, 2020""},{""Review_Hadline"":""Not effectiveby anilsrj on Jul 06, 2020""},{""Review_Hadline"":""Great herbal medicine for digestion issuesby Mradul Kaushik on Feb 04, 2021""}]","[{""Date"":""by Magna Sarkar on May 10, 2020""},{""Date"":""by Nivima on Feb 17, 2020""},{""Date"":""by Banrwal on Feb 17, 2020""},{""Date"":""by anilsrj on Jul 06, 2020""},{""Date"":""by Mradul Kaushik on Feb 04, 2021""}]","[{""Useful"":""Indigestion/Acidity/Gas""}]",          3x450,423
1690175700-27,https://www.healthmug.com/products/ayurveda/9,Sold OutDev Pharmacy Paurush Jiwan (60caps)Boost your energy and vitality with Paurush Jiwan 222 2134 %,https://www.healthmug.com/product/dev-pharmacy-paurush-jiwan-60caps/1493790186,"[{""Category"":""Ayurveda""},{""Category"":""Medicines""}]",Dev Pharmacy Paurush Jiwan (60caps),"[{""Image"":"""",""image_src"":""https://static.oxinis.com/healthmug/image/product/66816-2-30.webp""},{""Image"":"""",""image_src"":""https://static.oxinis.com/healthmug/image/product/66816-2-400.webp""}]",,222,213,4,"<div class=""productDetailFull""><div><h2>Also known as</h2><p>Improve digestion energy booster</p></div><div><h2>Properties</h2><div class=""properties""><div class=""propertyRow""><div class=""propertyLable"">Weight</div><div class=""propertyValue"">142 (gms)</div></div><div class=""propertyRow""><div class=""propertyLable"">Dimensions</div><div class=""propertyValue"">6.5 (cm) x 5.5 (cm) x 7.5 (cm)</div></div></div></div><div><h2>About Dev Pharmacy Paurush Jiwan</h2>
<p>Dev Pharmacy Paurush Jiwan is an Ayurvedic product that improves the digestive system and helps to enhance energy levels. It enhances protein absorption and in turn, helps to build healthy cells and tissues. This provides energy and removes indolence caused by excessive fat accumulation. It helps release enzymes for food digestion and treats gastrointestinal diseases. The ingredients further aid in the absorption of nutrients, especially proteins.</p>
<h2>Ingredients used in Dev Pharmacy Paurush Jiwan</h2>
<p>Eclipta Alba, Terminalia Arjuna, Glycyrrhiza Glabra, Syzgium Aromaticum, Piper Longum, Zingiber Officinale Rose, Shilajeet, Plumbago zeylanica, Cuminum Cyminum, Myristica Fragrans, Holarrhena Antidysenterica, Solanum Nigrum, Tamarix TroupiiHole, Asparagus Adscendens, Asparagus Racemosus, Mucuna Prurita, Lohbhasma, Bangbhasma, Crocus Sativus, Withania Somnifera, Emblica Officinalis and Terminalia chebula.</p>
<h2>Benefits of Dev Pharmacy Paurush Jiwan</h2>
<ul>
  <li>Improves digestive system</li>
  <li>Enhances energy levels</li>
  <li>Helps in the better absorption of protein</li>
  <li>Counters mental exhaustion</li>
  <li>Useful in case of liver and gastrointestinal diseases</li>
  <li>Enhances protein absorption in the body</li>
</ul>
<h2>Precautions to be taken Dev Pharmacy Paurush Jiwan</h2>
<ul>
  <li>Consult a physician before using this</li>
  <li>Do not exceed the daily prescribed limit</li>
  <li>Keep out of reach of children</li>
  <li>Store in a cool and dark place</li>
  <li>Read the label carefully</li>
</ul>
<h2>Additional Information</h2>
<ul>
  <li>100% Genuine Product</li>
  <li>Results may vary with the lifestyle and diet adopted</li>
  <li>Pregnant &amp; lactating women should consult their doctor before taking any medication</li>
  <li>Depending upon the lighting and screen resolution, the colour of the product may slightly vary</li>
</ul></div><div><h2>Terms and Conditions</h2><p>We have assumed that you  have consulted a physician before purchasing this medicine and are not self medicating.</p></div></div>",142,"[{""Question"":""What is the use of this medicine ?""},{""Question"":""Benfit of paurush jiwan capsuls ?""},{""Question"":""What are the benefits of Dev Pharmacy Paurush Jiwan ?""},{""Question"":""Does Dev Pharmacy Paurush Jiwan has any side effects ?""},{""Question"":""2 box ??,...thank  .....please""}]","[{""Answer"":""Dev Pharmacy Paurush Jiwan is an ayurvedic product that improves the digestive system and helps to enhance the energy levels. It enhances the protein absorption and in turn, helps to build healthy cells and tissues.by Dr. Shubham Dhingra on Mar 13, 2020""},{""Answer"":""Dev Pharmacy Paurush Jiwan is an ayurvedic product that improves the digestive system and helps to enhance the energy levels. It enhances the protein absorption and in turn, helps to build healthy cells and tissues.by Dr. Shubham Dhingra on Mar 13, 2020""},{""Answer"":""Dev Pharmacy Paurush Jiwan is an ayurvedic product that improves the digestive system and helps to enhance the energy levels.by Dr. Shubham Dhingra on Mar 12, 2020""},{""Answer"":""Dev Pharmacy Paurush Jiwan is a ayurvedic product with no known side effect.Kindly consult your Ayurvedic Doctor in case of any other medical conditions .by Dr. Shubham Dhingra on May 18, 2020""},{""Answer"":""Kindly contact customer care team for guidance.by Arun on Aug 10, 2022""}]",4.1,https://static.oxinis.com/healthmug/image/brand/476-150.jpg,Dev Pharmacy,6.5,5.5,7.5,[],[],[],[],"[{""Useful"":""Indigestion/Acidity/Gas""}]",10, 35
1690175700-28,https://www.healthmug.com/products/ayurveda/9,Sold OutDev Pharmacy Paurush Jiwan (60caps)Boost your energy and vitality with Paurush Jiwan 222 2134 %,https://www.healthmug.com/product/dev-pharmacy-paurush-jiwan-60caps/1493790186,"[{""Category"":""Ayurveda""},{""Category"":""Medicines""}]",Dev Pharmacy Paurush Jiwan (60caps),"[{""Image"":"""",""image_src"":""https://static.oxinis.com/healthmug/image/product/66816-2-30.webp""},{""Image"":"""",""image_src"":""https://static.oxinis.com/healthmug/image/product/66816-2-400.webp""}]",,222,213,4,"<div class=""productDetailFull""><div><h2>Also known as</h2><p>Improve digestion energy booster</p></div><div><h2>Properties</h2><div class=""properties""><div class=""propertyRow""><div class=""propertyLable"">Weight</div><div class=""propertyValue"">142 (gms)</div></div><div class=""propertyRow""><div class=""propertyLable"">Dimensions</div><div class=""propertyValue"">6.5 (cm) x 5.5 (cm) x 7.5 (cm)</div></div></div></div><div><h2>About Dev Pharmacy Paurush Jiwan</h2>
<p>Dev Pharmacy Paurush Jiwan is an Ayurvedic product that improves the digestive system and helps to enhance energy levels. It enhances protein absorption and in turn, helps to build healthy cells and tissues. This provides energy and removes indolence caused by excessive fat accumulation. It helps release enzymes for food digestion and treats gastrointestinal diseases. The ingredients further aid in the absorption of nutrients, especially proteins.</p>
<h2>Ingredients used in Dev Pharmacy Paurush Jiwan</h2>
<p>Eclipta Alba, Terminalia Arjuna, Glycyrrhiza Glabra, Syzgium Aromaticum, Piper Longum, Zingiber Officinale Rose, Shilajeet, Plumbago zeylanica, Cuminum Cyminum, Myristica Fragrans, Holarrhena Antidysenterica, Solanum Nigrum, Tamarix TroupiiHole, Asparagus Adscendens, Asparagus Racemosus, Mucuna Prurita, Lohbhasma, Bangbhasma, Crocus Sativus, Withania Somnifera, Emblica Officinalis and Terminalia chebula.</p>
<h2>Benefits of Dev Pharmacy Paurush Jiwan</h2>
<ul>
  <li>Improves digestive system</li>
  <li>Enhances energy levels</li>
  <li>Helps in the better absorption of protein</li>
  <li>Counters mental exhaustion</li>
  <li>Useful in case of liver and gastrointestinal diseases</li>
  <li>Enhances protein absorption in the body</li>
</ul>
<h2>Precautions to be taken Dev Pharmacy Paurush Jiwan</h2>
<ul>
  <li>Consult a physician before using this</li>
  <li>Do not exceed the daily prescribed limit</li>
  <li>Keep out of reach of children</li>
  <li>Store in a cool and dark place</li>
  <li>Read the label carefully</li>
</ul>
<h2>Additional Information</h2>
<ul>
  <li>100% Genuine Product</li>
  <li>Results may vary with the lifestyle and diet adopted</li>
  <li>Pregnant &amp; lactating women should consult their doctor before taking any medication</li>
  <li>Depending upon the lighting and screen resolution, the colour of the product may slightly vary</li>
</ul></div><div><h2>Terms and Conditions</h2><p>We have assumed that you  have consulted a physician before purchasing this medicine and are not self medicating.</p></div></div>",142,"[{""Question"":""What is the use of this medicine ?""},{""Question"":""Benfit of paurush jiwan capsuls ?""},{""Question"":""What are the benefits of Dev Pharmacy Paurush Jiwan ?""},{""Question"":""Does Dev Pharmacy Paurush Jiwan has any side effects ?""},{""Question"":""2 box ??,...thank  .....please""}]","[{""Answer"":""Dev Pharmacy Paurush Jiwan is an ayurvedic product that improves the digestive system and helps to enhance the energy levels. It enhances the protein absorption and in turn, helps to build healthy cells and tissues.by Dr. Shubham Dhingra on Mar 13, 2020""},{""Answer"":""Dev Pharmacy Paurush Jiwan is an ayurvedic product that improves the digestive system and helps to enhance the energy levels. It enhances the protein absorption and in turn, helps to build healthy cells and tissues.by Dr. Shubham Dhingra on Mar 13, 2020""},{""Answer"":""Dev Pharmacy Paurush Jiwan is an ayurvedic product that improves the digestive system and helps to enhance the energy levels.by Dr. Shubham Dhingra on Mar 12, 2020""},{""Answer"":""Dev Pharmacy Paurush Jiwan is a ayurvedic product with no known side effect.Kindly consult your Ayurvedic Doctor in case of any other medical conditions .by Dr. Shubham Dhingra on May 18, 2020""},{""Answer"":""Kindly contact customer care team for guidance.by Arun on Aug 10, 2022""}]",4.1,https://static.oxinis.com/healthmug/image/brand/476-150.jpg,Dev Pharmacy,6.5,5.5,7.5,[],[],[],[],"[{""Useful"":""Indigestion/Acidity/Gas""}]",60, 213
1690175703-29,https://www.healthmug.com/products/ayurveda/9,Sold OutHimalaya Ashwagandha Tablet (60tab)Give your body the support it needs to thrive with our nourishing formula 200 17015 %,https://www.healthmug.com/product/himalaya-ashwagandha-tablet-60tab/677797299,"[{""Category"":""Ayurveda""},{""Category"":""Medicines""}]",Himalaya Ashwagandha Tablet (60tab),"[{""Image"":"""",""image_src"":""https://static.oxinis.com/healthmug/image/product/3263-2-30.webp""},{""Image"":"""",""image_src"":""https://static.oxinis.com/healthmug/image/product/3263-2-400.webp""}]",,200,170,15,"<div class=""productDetailFull""><div><h2>Also known as</h2><p>Anti-inflammatory Ashwagandha immunity booster</p></div><div><h2>Properties</h2><div class=""properties""><div class=""propertyRow""><div class=""propertyLable"">Form</div><div class=""propertyValue"">Tablet</div></div><div class=""propertyRow""><div class=""propertyLable"">Ideal For</div><div class=""propertyValue"">Male</div></div><div class=""propertyRow""><div class=""propertyLable"">Weight</div><div class=""propertyValue"">56 (gms)</div></div><div class=""propertyRow""><div class=""propertyLable"">Dimensions</div><div class=""propertyValue"">5.4 (cm) x 4.3 (cm) x 8.4 (cm)</div></div></div></div><div><h2>About Himalaya Ashwagandha Tablet</h2>
<p>Himalaya Ashvagandha Tablet tends to be a rejuvenating tonic for its immunomodulatory and inflammation-reducing properties, which help support the body fight infection. Ashvagandha enhances immunity by strengthening the antibody function to recognize the invading microbes and assist in the removal of infected cells. Ashvagandha improves the overall capacity of the body to fight infections and diseases through its ability to nourish body tissues and build strength and endurance.</p>
<h3>Ideally used for</h3>
<ul>
  <li>Generalized weakness</li>
  <li>Low sexual drive</li>
  <li>Internal as well as external stress</li>
  <li>Low Body's defence system</li>
  <li>Body pains</li>
  <li>Low energy</li>
  <li>Vata problem</li>
</ul>
<h2>Ingredients used in Himalaya Ashwagandha Tablets</h2>
<p>Ashwagandha.</p>
<h2>Benefits of Himalaya Ashwagandha Tablet</h2>
<ul>
  <li>Nourishes body tissues</li>
  <li>Improves overall endurance</li>
  <li>Helps to reduce stress</li>
  <li>Supports your immune system</li>
  <li>Helps manage oxidative stress</li>
  <li>Improves cognitive functions</li>
  <li>Rejuvenates mind and body</li>
</ul>
<h2>Dosage of Himalaya Ashwagandha Tablets</h2>
<p>Take 1 tablet twice a day or as directed by the physician.</p>
<h2>Possible Side Effects of Himalaya Ashwagandha Tablet</h2>
<p>Himalaya Ashwagandha Tablet does not show any side effects if taken in low to moderate dosage. Taking a large amount of Ashwagandha may cause adverse effects like upset stomach, diarrhoea, nausea, and vomiting.</p>
<h2>Precautions to be taken while using Himalaya Ashwagandha Tablets</h2>
<ul>
  <li>Use under clinical guidance</li>
  <li>Try not to exceed the recommended dose</li>
  <li>Keep away from the reach of children</li>
  <li>Read the directions carefully while using the product</li>
  <li>Keep the product in a cool and dry place away from sunlight and heat</li>
</ul>
<h2>Additional Information</h2>
<ul>
  <li>100% Genuine Product</li>
  <li>Results may vary with the lifestyle and diet adopted</li>
  <li>Pregnant &amp; lactating women should consult their doctor before taking any medication or health supplement</li>
  <li>Free from sugar, artificial colours, artificial flavours, and preservatives</li>
</ul></div><div><h2>Terms and Conditions</h2><p>We have assumed that you  have consulted a physician before purchasing this medicine and are not self medicating.</p></div></div>",,"[{""Question"":""Hight badh sakti hai""},{""Question"":""Hight badh sakti hai isse""},{""Question"":""6 year girl child can take Himalaya Ashwagandha for height and weight""},{""Question"":""Everybody can take ashwagandha tablet/powder.""},{""Question"":""Can I take himalaya ashwagandha along with  himalaya goksura . If yes then please advise the  dose and how to take?""}]","[{""Answer"":""Kindly take up consultation with Ayurveda doctor on Healthmug as symptoms need to be consulted first.by Dr. Ravikant Sharma on Aug 15, 2021""},{""Answer"":""Kindly take up consultation with Ayurveda doctor on Healthmug as symptoms need to be consulted first.by Dr. Ravikant Sharma on Aug 15, 2021""},{""Answer"":""Kindly take up consultation with Ayurveda doctor on Healthmug as symptoms need to be consulted first.by Manisha Bilonia on Aug 21, 2021""},{""Answer"":""Kindly take up consultation with Ayurveda doctor on Healthmug.com as symptoms need to be consulted first.by Dr. Aman negi on Oct 24, 2021""},{""Answer"":""Self medication is not the right decision. Kindly take a consultation on health mug app for proper treatment and guidance. It's free.by Dr. Ravikant Sharma on Nov 15, 2021""}]",4.1,https://static.oxinis.com/healthmug/image/brand/9-150.jpg,Himalaya,,,,"[{""Review_text"":""Package is damaged and product value is very costly as other app.""},{""Review_text"":""After taking for a month, found not effective""}]","[{""Reviewer_name"":""by Aasiyana ben on Aug 10, 2021""},{""Reviewer_name"":""by Rahi on Nov 19, 2021""}]","[{""Review_Hadline"":""Good but costlyby Aasiyana ben on Aug 10, 2021""},{""Review_Hadline"":""Not effectiveby Rahi on Nov 19, 2021""}]","[{""Date"":""by Aasiyana ben on Aug 10, 2021""},{""Date"":""by Rahi on Nov 19, 2021""}]","[{""Useful"":""Anxiety & Depression""},{""Useful"":""Headache & Migraine""}]",,
1690175706-30,https://www.healthmug.com/products/ayurveda/9,"Sold OutVansaar Gut Relief (200g)Manage indigestion, hyperacidity, constipation and regularize the bowel back with Gut Relief 330 29710 %",https://www.healthmug.com/product/vansaar-gut-relief-200g/558731069,"[{""Category"":""Ayurveda""},{""Category"":""Medicines""}]",Vansaar Gut Relief (200g),"[{""Image"":"""",""image_src"":""https://static.oxinis.com/healthmug/image/product/254561-1-30.webp""},{""Image"":"""",""image_src"":""https://static.oxinis.com/healthmug/image/product/254561-1-400.webp""},{""Image"":"""",""image_src"":""https://static.oxinis.com/healthmug/image/product/254561-2-30.webp""},{""Image"":"""",""image_src"":""https://static.oxinis.com/healthmug/image/product/254561-2-400.webp""},{""Image"":"""",""image_src"":""https://static.oxinis.com/healthmug/image/product/254561-3-30.webp""},{""Image"":"""",""image_src"":""https://static.oxinis.com/healthmug/image/product/254561-3-400.webp""},{""Image"":"""",""image_src"":""https://static.oxinis.com/healthmug/image/product/254561-4-30.webp""},{""Image"":"""",""image_src"":""https://static.oxinis.com/healthmug/image/product/254561-4-400.webp""},{""Image"":"""",""image_src"":""https://static.oxinis.com/healthmug/image/product/254561-1-80.webp""},{""Image"":"""",""image_src"":""https://static.oxinis.com/healthmug/image/product/254561-2-80.webp""},{""Image"":"""",""image_src"":""https://static.oxinis.com/healthmug/image/product/254561-3-80.webp""},{""Image"":"""",""image_src"":""https://static.oxinis.com/healthmug/image/product/254561-4-80.webp""}]",,330,297,10,"<div class=""productDetailFull""><div><h2>Also known as</h2><p>For indigestion For Bowel For constipation</p></div><div><h2>Properties</h2><div class=""properties""><div class=""propertyRow""><div class=""propertyLable"">Weight</div><div class=""propertyValue"">249 (gms)</div></div><div class=""propertyRow""><div class=""propertyLable"">Dimensions</div><div class=""propertyValue"">7.5 (cm) x 7.5 (cm) x 14 (cm)</div></div></div></div><div><h2>About Vansaar Gut Relief</h2>
<p>Vansaar Gut Relief is a high-fibre formulation for constipation alleviation, stool regularisation, and hyperacidity relief. It is a sugar-free, ayurvedic, non-habit-forming composition containing Senna leaves, ajwain, choti harre, amaltas, mulethi, and south. Vansaar Gut Relief is a high-fibre, ayurvedic digestion supplement for fast (overnight) and effective relief from constipation as it acts as a natural stool softener and helps get natural relief from hard stool constipation.</p>
<h2>Ingredient used in Vansaar Gut Relief</h2>
<ul>
  <li>Isabgol</li>
  <li>Seena Leaf</li>
  <li>Chotti Hare</li>
  <li>Mulethi</li>
  <li>Sonth</li>
  <li>Ajwain</li>
</ul>
<h2>Benefits of Vansaar Gut Relief</h2>
<ul>
  <li>It may help to reduce hyperacidity and indigestion</li>
  <li>It might help to provide relief from constipation</li>
  <li>The bowel regulator churna is sugar-free and non-habit forming</li>
  <li>It may help to regularize the bowel back to its natural rhythm</li>
  <li>It might help to strengthen the digestive system and maintain a healthy digestive tract</li>
</ul>
<h2>How to use Vansaar Gut Relief</h2>
<p>Take 1 - 2 tablespoonfuls with lukewarm water or as directed by the physician.</p>
<h2>Side-Effects of Vansaar Gut Relief</h2>
<p>There are no side effects of Vansaar Gut Relief.</p>
<h2>Precautions to be taken while using Vansaar Gut Relief</h2>
<ul>
  <li>Keep away from children's reach</li>
  <li>Kindly consult your physician before using</li>
  <li>Do not exceed the recommended usage</li>
  <li>Keep away from direct sunlight</li>
  <li>Store in a cool and dry place</li>
  <li>For external use only</li>
  <li>Read the label carefully</li>
</ul>
<h2>Additional Information</h2>
<ul>
  <li>100% Authentic Product</li>
  <li>The results will differ depending on the lifestyle and nutrition chosen</li>
  <li>The colour of the product may vary somewhat depending on lighting and screen resolution</li>
</ul></div><div><h2>Terms and Conditions</h2><p>We have assumed that you  have consulted a physician before purchasing this medicine and are not self medicating.</p></div></div>",249,"[{""Question"":""How to take and how much""}]","[{""Answer"":""Take 1 - 2 tablespoonfuls with lukewarm water or as directed by the physicianby Priyanka Singh on Jul 06, 2023""}]",3,https://static.oxinis.com/healthmug/image/brand/2223-150.jpg,Vansaar,7.5,7.5,14,"[{""Review_text"":""Kamlesh kushwaha 76078gmail""}]","[{""Reviewer_name"":""by Kamlesh kushwaha on Jun 15, 2023""}]","[{""Review_Hadline"":""Kamlesh kushwaha 76078gmailby Kamlesh kushwaha on Jun 15, 2023""}]","[{""Date"":""by Kamlesh kushwaha on Jun 15, 2023""}]","[{""Useful"":""Indigestion/Acidity/Gas""}]",100,153
1690175706-31,https://www.healthmug.com/products/ayurveda/9,"Sold OutVansaar Gut Relief (200g)Manage indigestion, hyperacidity, constipation and regularize the bowel back with Gut Relief 330 29710 %",https://www.healthmug.com/product/vansaar-gut-relief-200g/558731069,"[{""Category"":""Ayurveda""},{""Category"":""Medicines""}]",Vansaar Gut Relief (200g),"[{""Image"":"""",""image_src"":""https://static.oxinis.com/healthmug/image/product/254561-1-30.webp""},{""Image"":"""",""image_src"":""https://static.oxinis.com/healthmug/image/product/254561-1-400.webp""},{""Image"":"""",""image_src"":""https://static.oxinis.com/healthmug/image/product/254561-2-30.webp""},{""Image"":"""",""image_src"":""https://static.oxinis.com/healthmug/image/product/254561-2-400.webp""},{""Image"":"""",""image_src"":""https://static.oxinis.com/healthmug/image/product/254561-3-30.webp""},{""Image"":"""",""image_src"":""https://static.oxinis.com/healthmug/image/product/254561-3-400.webp""},{""Image"":"""",""image_src"":""https://static.oxinis.com/healthmug/image/product/254561-4-30.webp""},{""Image"":"""",""image_src"":""https://static.oxinis.com/healthmug/image/product/254561-4-400.webp""},{""Image"":"""",""image_src"":""https://static.oxinis.com/healthmug/image/product/254561-1-80.webp""},{""Image"":"""",""image_src"":""https://static.oxinis.com/healthmug/image/product/254561-2-80.webp""},{""Image"":"""",""image_src"":""https://static.oxinis.com/healthmug/image/product/254561-3-80.webp""},{""Image"":"""",""image_src"":""https://static.oxinis.com/healthmug/image/product/254561-4-80.webp""}]",,330,297,10,"<div class=""productDetailFull""><div><h2>Also known as</h2><p>For indigestion For Bowel For constipation</p></div><div><h2>Properties</h2><div class=""properties""><div class=""propertyRow""><div class=""propertyLable"">Weight</div><div class=""propertyValue"">249 (gms)</div></div><div class=""propertyRow""><div class=""propertyLable"">Dimensions</div><div class=""propertyValue"">7.5 (cm) x 7.5 (cm) x 14 (cm)</div></div></div></div><div><h2>About Vansaar Gut Relief</h2>
<p>Vansaar Gut Relief is a high-fibre formulation for constipation alleviation, stool regularisation, and hyperacidity relief. It is a sugar-free, ayurvedic, non-habit-forming composition containing Senna leaves, ajwain, choti harre, amaltas, mulethi, and south. Vansaar Gut Relief is a high-fibre, ayurvedic digestion supplement for fast (overnight) and effective relief from constipation as it acts as a natural stool softener and helps get natural relief from hard stool constipation.</p>
<h2>Ingredient used in Vansaar Gut Relief</h2>
<ul>
  <li>Isabgol</li>
  <li>Seena Leaf</li>
  <li>Chotti Hare</li>
  <li>Mulethi</li>
  <li>Sonth</li>
  <li>Ajwain</li>
</ul>
<h2>Benefits of Vansaar Gut Relief</h2>
<ul>
  <li>It may help to reduce hyperacidity and indigestion</li>
  <li>It might help to provide relief from constipation</li>
  <li>The bowel regulator churna is sugar-free and non-habit forming</li>
  <li>It may help to regularize the bowel back to its natural rhythm</li>
  <li>It might help to strengthen the digestive system and maintain a healthy digestive tract</li>
</ul>
<h2>How to use Vansaar Gut Relief</h2>
<p>Take 1 - 2 tablespoonfuls with lukewarm water or as directed by the physician.</p>
<h2>Side-Effects of Vansaar Gut Relief</h2>
<p>There are no side effects of Vansaar Gut Relief.</p>
<h2>Precautions to be taken while using Vansaar Gut Relief</h2>
<ul>
  <li>Keep away from children's reach</li>
  <li>Kindly consult your physician before using</li>
  <li>Do not exceed the recommended usage</li>
  <li>Keep away from direct sunlight</li>
  <li>Store in a cool and dry place</li>
  <li>For external use only</li>
  <li>Read the label carefully</li>
</ul>
<h2>Additional Information</h2>
<ul>
  <li>100% Authentic Product</li>
  <li>The results will differ depending on the lifestyle and nutrition chosen</li>
  <li>The colour of the product may vary somewhat depending on lighting and screen resolution</li>
</ul></div><div><h2>Terms and Conditions</h2><p>We have assumed that you  have consulted a physician before purchasing this medicine and are not self medicating.</p></div></div>",249,"[{""Question"":""How to take and how much""}]","[{""Answer"":""Take 1 - 2 tablespoonfuls with lukewarm water or as directed by the physicianby Priyanka Singh on Jul 06, 2023""}]",3,https://static.oxinis.com/healthmug/image/brand/2223-150.jpg,Vansaar,7.5,7.5,14,"[{""Review_text"":""Kamlesh kushwaha 76078gmail""}]","[{""Reviewer_name"":""by Kamlesh kushwaha on Jun 15, 2023""}]","[{""Review_Hadline"":""Kamlesh kushwaha 76078gmailby Kamlesh kushwaha on Jun 15, 2023""}]","[{""Date"":""by Kamlesh kushwaha on Jun 15, 2023""}]","[{""Useful"":""Indigestion/Acidity/Gas""}]",200, 297
1690175709-32,https://www.healthmug.com/products/ayurveda/9,"Sold OutDr Biswas Good Health Capsule (50caps, Pack of 4)Enhance your overall health and well-being with our powerful formula 960 39958 %",https://www.healthmug.com/product/dr-biswas-good-health-capsule-50caps-pack-of-4/2050352510,"[{""Category"":""Ayurveda""},{""Category"":""Medicines""}]","Dr Biswas Good Health Capsule (50caps, Pack of 4)","[{""Image"":"""",""image_src"":""https://static.oxinis.com/healthmug/image/product/167200-1-30.webp""},{""Image"":"""",""image_src"":""https://static.oxinis.com/healthmug/image/product/167200-1-400.webp""}]",,960,399,58,"<div class=""productDetailFull""><div><h2>Also known as</h2><p>For overall wellness Immunity booster improve digestion</p></div><div><h2>Properties</h2><div class=""properties""><div class=""propertyRow""><div class=""propertyLable"">Weight</div><div class=""propertyValue"">250 (gms)</div></div><div class=""propertyRow""><div class=""propertyLable"">Dimensions</div><div class=""propertyValue"">9 (cm) x 4 (cm) x 16 (cm)</div></div></div></div><div><h2>About Dr Biswas Good Health Capsule</h2>
<p>Dr Biswas's Good Health Capsule is a product that is known to improve the overall immunity of the body. It helps the body prevent chronic illness and muscle wasting. This product also helps to reduce weight and promotes overall digestive functions. Made with special attention for people looking to get their bulk on, this capsule enhances protein synthesis and athletic performance.</p>
<h2>Ingredients used in Dr Biswas Good Health Capsule</h2>
<ul>
  <li>Withania somnifera</li>
  <li>Hemidesmus indicus</li>
  <li>Vitis vinifera</li>
  <li>Asparagus racemosus</li>
  <li>Tribulus Terrestris</li>
  <li>Sodhit shilajit</li>
  <li>Banga</li>
  <li>Sodium benzoate</li>
  <li>Embellica officinalis</li>
  <li>Nordostachys jatamansi</li>
  <li>Glycirrhiza glabra</li>
  <li>Convoivulus pluricauilis</li>
  <li>Embelia ribes</li>
</ul>
<h2>Benefits of Dr Biswas Good Health Capsule</h2>
<ul>
  <li>It might help to reduce weight loss</li>
  <li>It may help to restore the appetite</li>
  <li>It might help to improve the immune system</li>
  <li>It may help to boost digestive functioning</li>
</ul>
<h2>Side effects of Dr Biswas Good Health Capsule</h2>
<p>There are no side effects of Dr Biswas Good Health Capsule.</p>
<h2>Precautions to be taken while using Dr Biswas Good Health Capsule</h2>
<ul>
  <li>Consult a physician before using this</li>
  <li>Do not exceed the daily prescribed limit</li>
  <li>Keep out of reach of children</li>
  <li>Store in a cool and dark place</li>
</ul>
<h2>Additional Information</h2>
<ul>
  <li>100% Genuine Product</li>
  <li>Results may vary with the lifestyle and diet adopted</li>
  <li>Pregnant and lactating women should consult their doctor before taking any medication</li>
  <li>Depending upon the lighting and screen resolution, the colour of the product may slightly vary</li>
</ul></div><div><h2>Terms and Conditions</h2><p>We have assumed that you  have consulted a physician before purchasing this medicine and are not self medicating.</p></div></div>",250,"[{""Question"":""Somehow I got duplicate items.. So please check the proudctus n ensure me..""},{""Question"":""Sorry  this product is cancel""},{""Question"":""12024));;; h jcufufufufufufufl""},{""Question"":""Kerala State Electricity Board""},{""Question"":""Sir ye orignal hi milega kyunki meesho pe aur amazone pe duplicate bhej diya .""}]","[{""Answer"":""Isme koi product nhi Àata h''' sb chutiyapa h...koi bhi bhai prdct nhi mngaeby Ramesh Choudhury on Jul 20, 2023""},{""Answer"":""Plz contact to customer care regarding this issue.by Dr. Ravikant Sharma on Jul 21, 2023""}]",3.1,https://static.oxinis.com/healthmug/image/brand/564-150.jpg,Dr Biswas,9,4,16,[],[],[],[],"[{""Useful"":""Indigestion/Acidity/Gas""}]",50, 132
1690175709-33,https://www.healthmug.com/products/ayurveda/9,"Sold OutDr Biswas Good Health Capsule (50caps, Pack of 4)Enhance your overall health and well-being with our powerful formula 960 39958 %",https://www.healthmug.com/product/dr-biswas-good-health-capsule-50caps-pack-of-4/2050352510,"[{""Category"":""Ayurveda""},{""Category"":""Medicines""}]","Dr Biswas Good Health Capsule (50caps, Pack of 4)","[{""Image"":"""",""image_src"":""https://static.oxinis.com/healthmug/image/product/167200-1-30.webp""},{""Image"":"""",""image_src"":""https://static.oxinis.com/healthmug/image/product/167200-1-400.webp""}]",,960,399,58,"<div class=""productDetailFull""><div><h2>Also known as</h2><p>For overall wellness Immunity booster improve digestion</p></div><div><h2>Properties</h2><div class=""properties""><div class=""propertyRow""><div class=""propertyLable"">Weight</div><div class=""propertyValue"">250 (gms)</div></div><div class=""propertyRow""><div class=""propertyLable"">Dimensions</div><div class=""propertyValue"">9 (cm) x 4 (cm) x 16 (cm)</div></div></div></div><div><h2>About Dr Biswas Good Health Capsule</h2>
<p>Dr Biswas's Good Health Capsule is a product that is known to improve the overall immunity of the body. It helps the body prevent chronic illness and muscle wasting. This product also helps to reduce weight and promotes overall digestive functions. Made with special attention for people looking to get their bulk on, this capsule enhances protein synthesis and athletic performance.</p>
<h2>Ingredients used in Dr Biswas Good Health Capsule</h2>
<ul>
  <li>Withania somnifera</li>
  <li>Hemidesmus indicus</li>
  <li>Vitis vinifera</li>
  <li>Asparagus racemosus</li>
  <li>Tribulus Terrestris</li>
  <li>Sodhit shilajit</li>
  <li>Banga</li>
  <li>Sodium benzoate</li>
  <li>Embellica officinalis</li>
  <li>Nordostachys jatamansi</li>
  <li>Glycirrhiza glabra</li>
  <li>Convoivulus pluricauilis</li>
  <li>Embelia ribes</li>
</ul>
<h2>Benefits of Dr Biswas Good Health Capsule</h2>
<ul>
  <li>It might help to reduce weight loss</li>
  <li>It may help to restore the appetite</li>
  <li>It might help to improve the immune system</li>
  <li>It may help to boost digestive functioning</li>
</ul>
<h2>Side effects of Dr Biswas Good Health Capsule</h2>
<p>There are no side effects of Dr Biswas Good Health Capsule.</p>
<h2>Precautions to be taken while using Dr Biswas Good Health Capsule</h2>
<ul>
  <li>Consult a physician before using this</li>
  <li>Do not exceed the daily prescribed limit</li>
  <li>Keep out of reach of children</li>
  <li>Store in a cool and dark place</li>
</ul>
<h2>Additional Information</h2>
<ul>
  <li>100% Genuine Product</li>
  <li>Results may vary with the lifestyle and diet adopted</li>
  <li>Pregnant and lactating women should consult their doctor before taking any medication</li>
  <li>Depending upon the lighting and screen resolution, the colour of the product may slightly vary</li>
</ul></div><div><h2>Terms and Conditions</h2><p>We have assumed that you  have consulted a physician before purchasing this medicine and are not self medicating.</p></div></div>",250,"[{""Question"":""Somehow I got duplicate items.. So please check the proudctus n ensure me..""},{""Question"":""Sorry  this product is cancel""},{""Question"":""12024));;; h jcufufufufufufufl""},{""Question"":""Kerala State Electricity Board""},{""Question"":""Sir ye orignal hi milega kyunki meesho pe aur amazone pe duplicate bhej diya .""}]","[{""Answer"":""Isme koi product nhi Àata h''' sb chutiyapa h...koi bhi bhai prdct nhi mngaeby Ramesh Choudhury on Jul 20, 2023""},{""Answer"":""Plz contact to customer care regarding this issue.by Dr. Ravikant Sharma on Jul 21, 2023""}]",3.1,https://static.oxinis.com/healthmug/image/brand/564-150.jpg,Dr Biswas,9,4,16,[],[],[],[],"[{""Useful"":""Indigestion/Acidity/Gas""}]",          2x50,264
1690175709-34,https://www.healthmug.com/products/ayurveda/9,"Sold OutDr Biswas Good Health Capsule (50caps, Pack of 4)Enhance your overall health and well-being with our powerful formula 960 39958 %",https://www.healthmug.com/product/dr-biswas-good-health-capsule-50caps-pack-of-4/2050352510,"[{""Category"":""Ayurveda""},{""Category"":""Medicines""}]","Dr Biswas Good Health Capsule (50caps, Pack of 4)","[{""Image"":"""",""image_src"":""https://static.oxinis.com/healthmug/image/product/167200-1-30.webp""},{""Image"":"""",""image_src"":""https://static.oxinis.com/healthmug/image/product/167200-1-400.webp""}]",,960,399,58,"<div class=""productDetailFull""><div><h2>Also known as</h2><p>For overall wellness Immunity booster improve digestion</p></div><div><h2>Properties</h2><div class=""properties""><div class=""propertyRow""><div class=""propertyLable"">Weight</div><div class=""propertyValue"">250 (gms)</div></div><div class=""propertyRow""><div class=""propertyLable"">Dimensions</div><div class=""propertyValue"">9 (cm) x 4 (cm) x 16 (cm)</div></div></div></div><div><h2>About Dr Biswas Good Health Capsule</h2>
<p>Dr Biswas's Good Health Capsule is a product that is known to improve the overall immunity of the body. It helps the body prevent chronic illness and muscle wasting. This product also helps to reduce weight and promotes overall digestive functions. Made with special attention for people looking to get their bulk on, this capsule enhances protein synthesis and athletic performance.</p>
<h2>Ingredients used in Dr Biswas Good Health Capsule</h2>
<ul>
  <li>Withania somnifera</li>
  <li>Hemidesmus indicus</li>
  <li>Vitis vinifera</li>
  <li>Asparagus racemosus</li>
  <li>Tribulus Terrestris</li>
  <li>Sodhit shilajit</li>
  <li>Banga</li>
  <li>Sodium benzoate</li>
  <li>Embellica officinalis</li>
  <li>Nordostachys jatamansi</li>
  <li>Glycirrhiza glabra</li>
  <li>Convoivulus pluricauilis</li>
  <li>Embelia ribes</li>
</ul>
<h2>Benefits of Dr Biswas Good Health Capsule</h2>
<ul>
  <li>It might help to reduce weight loss</li>
  <li>It may help to restore the appetite</li>
  <li>It might help to improve the immune system</li>
  <li>It may help to boost digestive functioning</li>
</ul>
<h2>Side effects of Dr Biswas Good Health Capsule</h2>
<p>There are no side effects of Dr Biswas Good Health Capsule.</p>
<h2>Precautions to be taken while using Dr Biswas Good Health Capsule</h2>
<ul>
  <li>Consult a physician before using this</li>
  <li>Do not exceed the daily prescribed limit</li>
  <li>Keep out of reach of children</li>
  <li>Store in a cool and dark place</li>
</ul>
<h2>Additional Information</h2>
<ul>
  <li>100% Genuine Product</li>
  <li>Results may vary with the lifestyle and diet adopted</li>
  <li>Pregnant and lactating women should consult their doctor before taking any medication</li>
  <li>Depending upon the lighting and screen resolution, the colour of the product may slightly vary</li>
</ul></div><div><h2>Terms and Conditions</h2><p>We have assumed that you  have consulted a physician before purchasing this medicine and are not self medicating.</p></div></div>",250,"[{""Question"":""Somehow I got duplicate items.. So please check the proudctus n ensure me..""},{""Question"":""Sorry  this product is cancel""},{""Question"":""12024));;; h jcufufufufufufufl""},{""Question"":""Kerala State Electricity Board""},{""Question"":""Sir ye orignal hi milega kyunki meesho pe aur amazone pe duplicate bhej diya .""}]","[{""Answer"":""Isme koi product nhi Àata h''' sb chutiyapa h...koi bhi bhai prdct nhi mngaeby Ramesh Choudhury on Jul 20, 2023""},{""Answer"":""Plz contact to customer care regarding this issue.by Dr. Ravikant Sharma on Jul 21, 2023""}]",3.1,https://static.oxinis.com/healthmug/image/brand/564-150.jpg,Dr Biswas,9,4,16,[],[],[],[],"[{""Useful"":""Indigestion/Acidity/Gas""}]",           4x50, 399
1690175712-35,https://www.healthmug.com/products/ayurveda/9,Sold OutVansaar Kamini Vidrawan Ras (10g)Unleash Your Inner Energy with Vitality-Boosting Tablets 1837 109940 %,https://www.healthmug.com/product/vansaar-kamini-vidrawan-ras-10g/139889228,"[{""Category"":""Ayurveda""},{""Category"":""Ras & Sindoor""}]",Vansaar Kamini Vidrawan Ras (10g),"[{""Image"":"""",""image_src"":""https://static.oxinis.com/healthmug/image/product/256006-1-30.webp""},{""Image"":"""",""image_src"":""https://static.oxinis.com/healthmug/image/product/256006-1-400.webp""},{""Image"":"""",""image_src"":""https://static.oxinis.com/healthmug/image/product/256006-2-30.webp""},{""Image"":"""",""image_src"":""https://static.oxinis.com/healthmug/image/product/256006-2-400.webp""},{""Image"":"""",""image_src"":""https://static.oxinis.com/healthmug/image/product/256006-1-80.webp""},{""Image"":"""",""image_src"":""https://static.oxinis.com/healthmug/image/product/256006-2-80.webp""}]",,1837,1099,40,"<div class=""productDetailFull""><div><h2>Also known as</h2><p>Stamina booster Energy booster</p></div><div><h2>Properties</h2><div class=""properties""><div class=""propertyRow""><div class=""propertyLable"">Weight</div><div class=""propertyValue"">51 (gms)</div></div><div class=""propertyRow""><div class=""propertyLable"">Dimensions</div><div class=""propertyValue"">3.3 (cm) x 3.3 (cm) x 8.1 (cm)</div></div></div></div><div><h2>About Kamini Vidrawan Ras</h2>
<p>Baidyanath Kamini Vidrawan Ras Keshar Yukta Tablet is an ayurvedic formulation that can be useful in maintaining optimum health and may be effective in issues related to men’s health. The tablets aid in improving vigour and vitality in men.</p>
<h2>Ingredients used in Kamini Vidrawan Ras</h2>
<p>Akarkara, sonth, kesar, pipal, jaiphal, lawang, jawitri, chandan, hingul and sulphur.</p>
<h2>Benefits of Kamini Vidrawan Ras</h2>
<ul>
  <li>Regular consumption helps boost strength and stamina</li>
  <li>These tablets aid in enhancing vigour and vitality</li>
  <li>It is an ayurvedic medicine and contains natural ingredients that help increase energy levels</li>
  <li>The addition of Kesar and lal chandan has a positive impact on overall wellness</li>
</ul>
<h2>How to use Kamini Vidrawan Ras</h2>
<p>Take 1-2 pills twice daily with milk or butter or as directed by the physician.  </p>
<h2>Side-Effects of Kamini Vidrawan Ras</h2>
<p>There are no side effects of Kamini Vidrawan Ras.</p>
<h2>Precautions to be taken while using  Kamini Vidrawan Ras</h2>
<ul>
  <li>Keep away from children's reach</li>
  <li>Keep away from direct sunlight</li>
  <li>Store in a cool and dry place</li>
  <li>For external use only</li>
  <li>Read the label carefully</li>
</ul>
<h2>Additional Information</h2>
<ul>
  <li>100% Authentic Product</li>
  <li>The results will differ depending on the lifestyle and nutrition chosen</li>
  <li>The colour of the product may vary somewhat depending on lighting and screen resolution </li>
</ul></div><div><h2>Terms and Conditions</h2><p>We have assumed that you have consulted a physician before purchasing this medicine and are not self medicating.</p></div></div>",51,"[{""Question"":""When will I receive my order""},{""Question"":""Hi is this goodcare pharma product or baidyanath?  Second question- what's the amount of ahphina in this ?  Thanks""},{""Question"":""Kamini vidrawan ras baidyanath contains opium""}]","[{""Answer"":""Plz contact to customer care regarding this issue.by Dr. Ravikant Sharma on Jul 22, 2023""},{""Answer"":""Self-medication is not the right decision. Please take a proper consultation with an Ayurvedic doctor on the Healthmug app. It's free.by Dr. Ravikant Sharma on Jul 21, 2023""}]",3,https://static.oxinis.com/healthmug/image/brand/2223-150.jpg,Vansaar,3.3,3.3,8.1,[],[],[],[],[],5, 650
1690175712-36,https://www.healthmug.com/products/ayurveda/9,Sold OutVansaar Kamini Vidrawan Ras (10g)Unleash Your Inner Energy with Vitality-Boosting Tablets 1837 109940 %,https://www.healthmug.com/product/vansaar-kamini-vidrawan-ras-10g/139889228,"[{""Category"":""Ayurveda""},{""Category"":""Ras & Sindoor""}]",Vansaar Kamini Vidrawan Ras (10g),"[{""Image"":"""",""image_src"":""https://static.oxinis.com/healthmug/image/product/256006-1-30.webp""},{""Image"":"""",""image_src"":""https://static.oxinis.com/healthmug/image/product/256006-1-400.webp""},{""Image"":"""",""image_src"":""https://static.oxinis.com/healthmug/image/product/256006-2-30.webp""},{""Image"":"""",""image_src"":""https://static.oxinis.com/healthmug/image/product/256006-2-400.webp""},{""Image"":"""",""image_src"":""https://static.oxinis.com/healthmug/image/product/256006-1-80.webp""},{""Image"":"""",""image_src"":""https://static.oxinis.com/healthmug/image/product/256006-2-80.webp""}]",,1837,1099,40,"<div class=""productDetailFull""><div><h2>Also known as</h2><p>Stamina booster Energy booster</p></div><div><h2>Properties</h2><div class=""properties""><div class=""propertyRow""><div class=""propertyLable"">Weight</div><div class=""propertyValue"">51 (gms)</div></div><div class=""propertyRow""><div class=""propertyLable"">Dimensions</div><div class=""propertyValue"">3.3 (cm) x 3.3 (cm) x 8.1 (cm)</div></div></div></div><div><h2>About Kamini Vidrawan Ras</h2>
<p>Baidyanath Kamini Vidrawan Ras Keshar Yukta Tablet is an ayurvedic formulation that can be useful in maintaining optimum health and may be effective in issues related to men’s health. The tablets aid in improving vigour and vitality in men.</p>
<h2>Ingredients used in Kamini Vidrawan Ras</h2>
<p>Akarkara, sonth, kesar, pipal, jaiphal, lawang, jawitri, chandan, hingul and sulphur.</p>
<h2>Benefits of Kamini Vidrawan Ras</h2>
<ul>
  <li>Regular consumption helps boost strength and stamina</li>
  <li>These tablets aid in enhancing vigour and vitality</li>
  <li>It is an ayurvedic medicine and contains natural ingredients that help increase energy levels</li>
  <li>The addition of Kesar and lal chandan has a positive impact on overall wellness</li>
</ul>
<h2>How to use Kamini Vidrawan Ras</h2>
<p>Take 1-2 pills twice daily with milk or butter or as directed by the physician.  </p>
<h2>Side-Effects of Kamini Vidrawan Ras</h2>
<p>There are no side effects of Kamini Vidrawan Ras.</p>
<h2>Precautions to be taken while using  Kamini Vidrawan Ras</h2>
<ul>
  <li>Keep away from children's reach</li>
  <li>Keep away from direct sunlight</li>
  <li>Store in a cool and dry place</li>
  <li>For external use only</li>
  <li>Read the label carefully</li>
</ul>
<h2>Additional Information</h2>
<ul>
  <li>100% Authentic Product</li>
  <li>The results will differ depending on the lifestyle and nutrition chosen</li>
  <li>The colour of the product may vary somewhat depending on lighting and screen resolution </li>
</ul></div><div><h2>Terms and Conditions</h2><p>We have assumed that you have consulted a physician before purchasing this medicine and are not self medicating.</p></div></div>",51,"[{""Question"":""When will I receive my order""},{""Question"":""Hi is this goodcare pharma product or baidyanath?  Second question- what's the amount of ahphina in this ?  Thanks""},{""Question"":""Kamini vidrawan ras baidyanath contains opium""}]","[{""Answer"":""Plz contact to customer care regarding this issue.by Dr. Ravikant Sharma on Jul 22, 2023""},{""Answer"":""Self-medication is not the right decision. Please take a proper consultation with an Ayurvedic doctor on the Healthmug app. It's free.by Dr. Ravikant Sharma on Jul 21, 2023""}]",3,https://static.oxinis.com/healthmug/image/brand/2223-150.jpg,Vansaar,3.3,3.3,8.1,[],[],[],[],[],10,1099
1690175715-37,https://www.healthmug.com/products/ayurveda/9,Sold OutDr Loonawat Wartosin (3ml)Ayurvedic composition for elevated or hanging warts 80,https://www.healthmug.com/product/dr-loonawat-wartosin-3ml/422993494,"[{""Category"":""Ayurveda""},{""Category"":""Medicines""}]",Dr Loonawat Wartosin (3ml),"[{""Image"":"""",""image_src"":""https://static.oxinis.com/healthmug/image/product/5317-2-30.webp""},{""Image"":"""",""image_src"":""https://static.oxinis.com/healthmug/image/product/5317-2-400.webp""}]",,,80,,"<div class=""productDetailFull""><div><h2>Also known as</h2><p>Wart Remover</p></div><div><h2>Properties</h2><div class=""properties""><div class=""propertyRow""><div class=""propertyLable"">Weight</div><div class=""propertyValue"">30 (gms)</div></div><div class=""propertyRow""><div class=""propertyLable"">Dimensions</div><div class=""propertyValue"">3.3 (cm) x 3.3 (cm) x 6 (cm)</div></div></div></div><div><h2>About Dr Loonawat Wartosin</h2>
<p>Dr Loonwat Wartosin - Warts are caused by a viral infection, specifically by Human Papilloma Virus (HPV). Dr Loonawat Wartosin is a unique Ayurvedic solution for the problem of elevated warts on the face, forehead, neck, cheeks, maxilla, etc. With regular and continuous use of Dr Loonawat Wartosin, visible changes can be traced in the concerned problem. It is infused with the goodness of Khatika, Kapoor, Curna and Spatigam which are known for their anti-fungal properties that help in reducing Warts. Dr Loonawat Wartosin is a unique Ayurvedic solution for the problem of elevated warts on the face, forehead, neck, cheeks, maxilla, etc.</p>
<h2>Indication of Dr Loonawat Wartosin</h2>
<ul>
  <li>Dr Loonawat Wartosin is a unique Ayurvedic solution for the problem of elevated warts on the face, forehead, neck, cheeks, maxilla, etc</li>
  <li>It is infused with the goodness of Khatika, Kapoor, Curna and Spatigam which are known for their anti-fungal properties that help in reducing Warts</li>
</ul>
<h2>Ingredients used in Dr Loonawat Wartosin</h2>
<ul>
  <li>Khatika</li>
  <li>Curna</li>
  <li>Spatigam</li>
  <li>Tankana</li>
  <li>Kapoor</li>
  <li>Water</li>
</ul>
<h2>Benefits of Dr Loonawat Wartosin</h2>
<ul>
  <li>It may help to remove the wart </li>
  <li>It might help to remove warts within 4-5 days</li>
  <li>It may help to remove elevated warts and skin tags</li>
  <li>It can be used on the neck, face and underarms</li>
  <li>Easy to apply using provided wooden applicator stick</li>
</ul>
<h2>How to use Dr Loonawat Wartosin</h2>
<ul>
  <li>Shake the bottle well before use, until the solution is completely mixed</li>
  <li>Clean the warts with mild soap and water</li>
  <li>Apply Loonawat Wartosin twice a day, only with the wooden applicator provided with the pack</li>
  <li>Apply Loonawat Wartosin only on the head or tip of the warts, and not on the surrounding skin</li>
</ul>
<h2>Side-Effects of Dr Loonawat Wartosin</h2>
<p>There are no side effects of Dr Loonawat Wartosin.</p>
<h2>Precautions to be taken while using Dr Loonawat Wartosin</h2>
<ul>
  <li>Keep away from children's reach</li>
  <li>Keep away from direct sunlight</li>
  <li>Store in a cool and dry place</li>
  <li>For external use only</li>
  <li>Read the label carefully</li>
</ul>
<h2>Additional Information</h2>
<ul>
  <li>100% Authentic Product</li>
  <li>The results will differ depending on the lifestyle and nutrition chosen</li>
  <li>The colour of the product may vary somewhat depending on lighting and screen resolution </li>
</ul></div><div><h2>Terms and Conditions</h2><p>We have assumed that you  have consulted a physician before purchasing this medicine and are not self medicating.</p></div></div>",30,"[{""Question"":""Effective works for 2 Months Only""},{""Question"":""Expiry 2 Years it's wonk on 2 months only After not effective""},{""Question"":""within how many days this mole heals""},{""Question"":""How to buy this and after how to use it""},{""Question"":""I'm sorry mistake product sorry ??""}]","[{""Answer"":""dsfby Saket Kumar on Jun 26, 2023""}]",3.8,https://static.oxinis.com/healthmug/image/brand/42-150.jpg,Dr Loonawat,3.3,3.3,6,"[{""Review_text"":""I have 9 months old moles on my face. Tried so many medicines. But are in vain. But only Dr. Loonawat Wartosin is effective within 7 days, all of my warts removed. thanks u very much for this excellent Ayurvedic product""},{""Review_text"":""This is excellent product. I used many other product to remove my warts but none was effective. This product removed my warts in just 10 days without any pain.""},{""Review_text"":""I have used various products to cure skin tags but this is best. My skin tags started to fall within a week. It just needs to be done as prescribed""},{""Review_text"":""Wow... It's amazing!!!!!! 10 years of mole in my nose.. 3 days ly I used this it's automatically fall... Thanks for the product...""},{""Review_text"":""I have tried many medicines but i found this as the best or the one which can really remove elevated warts without any marks....""}]","[{""Reviewer_name"":""by Subhrangshu Chatterjee on May 12, 2019""},{""Reviewer_name"":""by Atul Bhardwaj on Feb 02, 2020""},{""Reviewer_name"":""by Sona on Nov 20, 2017""},{""Reviewer_name"":""by Ranji on Mar 08, 2021""},{""Reviewer_name"":""by Anoop Balan on Aug 24, 2017""}]","[{""Review_Hadline"":""Excellent productby Subhrangshu Chatterjee on May 12, 2019""},{""Review_Hadline"":""It Works like a Charmby Atul Bhardwaj on Feb 02, 2020""},{""Review_Hadline"":""The best product for wartsby Sona on Nov 20, 2017""},{""Review_Hadline"":""Very good productby Ranji on Mar 08, 2021""},{""Review_Hadline"":""Perfect for elevated warts....by Anoop Balan on Aug 24, 2017""}]","[{""Date"":""by Subhrangshu Chatterjee on May 12, 2019""},{""Date"":""by Atul Bhardwaj on Feb 02, 2020""},{""Date"":""by Sona on Nov 20, 2017""},{""Date"":""by Ranji on Mar 08, 2021""},{""Date"":""by Anoop Balan on Aug 24, 2017""}]",[],,
1690175718-38,https://www.healthmug.com/products/ayurveda/9,"Sold OutHapdco Marks Go Combo (Cream 25gm + Facewash 65gm) (1Pack)May reduce dark spots, blemish skin, new spots, dark circles and burn marks with Hapdco Marks Go Combo 220 15430 %",https://www.healthmug.com/product/hapdco-marks-go-combo-cream-25gm-facewash-65gm-1pack/1968351753,"[{""Category"":""Ayurveda""},{""Category"":""Medicines""}]",Hapdco Marks Go Combo (Cream 25gm + Facewash 65gm) (1Pack),"[{""Image"":"""",""image_src"":""https://static.oxinis.com/healthmug/image/product/237477-1-30.webp""},{""Image"":"""",""image_src"":""https://static.oxinis.com/healthmug/image/product/237477-1-400.webp""},{""Image"":"""",""image_src"":""https://static.oxinis.com/healthmug/image/product/237477-2-30.webp""},{""Image"":"""",""image_src"":""https://static.oxinis.com/healthmug/image/product/237477-2-400.webp""},{""Image"":"""",""image_src"":""https://static.oxinis.com/healthmug/image/product/237477-3-30.webp""},{""Image"":"""",""image_src"":""https://static.oxinis.com/healthmug/image/product/237477-3-400.webp""},{""Image"":"""",""image_src"":""https://static.oxinis.com/healthmug/image/product/237477-4-30.webp""},{""Image"":"""",""image_src"":""https://static.oxinis.com/healthmug/image/product/237477-4-400.webp""},{""Image"":"""",""image_src"":""https://static.oxinis.com/healthmug/image/product/237477-5-30.webp""},{""Image"":"""",""image_src"":""https://static.oxinis.com/healthmug/image/product/237477-5-400.webp""},{""Image"":"""",""image_src"":""https://static.oxinis.com/healthmug/image/product/237477-6-30.webp""},{""Image"":"""",""image_src"":""https://static.oxinis.com/healthmug/image/product/237477-6-400.webp""},{""Image"":"""",""image_src"":""https://static.oxinis.com/healthmug/image/product/237477-7-30.webp""},{""Image"":"""",""image_src"":""https://static.oxinis.com/healthmug/image/product/237477-7-400.webp""},{""Image"":"""",""image_src"":""https://static.oxinis.com/healthmug/image/product/237477-8-30.webp""},{""Image"":"""",""image_src"":""https://static.oxinis.com/healthmug/image/product/237477-8-400.webp""},{""Image"":"""",""image_src"":""https://static.oxinis.com/healthmug/image/product/237477-9-30.webp""},{""Image"":"""",""image_src"":""https://static.oxinis.com/healthmug/image/product/237477-9-400.webp""},{""Image"":"""",""image_src"":""https://static.oxinis.com/healthmug/image/product/237477-10-30.webp""},{""Image"":"""",""image_src"":""https://static.oxinis.com/healthmug/image/product/237477-10-400.webp""},{""Image"":"""",""image_src"":""https://static.oxinis.com/healthmug/image/product/237477-11-30.webp""},{""Image"":"""",""image_src"":""https://static.oxinis.com/healthmug/image/product/237477-11-400.webp""},{""Image"":"""",""image_src"":""https://static.oxinis.com/healthmug/image/product/237477-12-30.webp""},{""Image"":"""",""image_src"":""https://static.oxinis.com/healthmug/image/product/237477-12-400.webp""},{""Image"":"""",""image_src"":""https://static.oxinis.com/healthmug/image/product/237477-13-30.webp""},{""Image"":"""",""image_src"":""https://static.oxinis.com/healthmug/image/product/237477-13-400.webp""},{""Image"":"""",""image_src"":""https://static.oxinis.com/healthmug/image/product/237477-1-80.webp""},{""Image"":"""",""image_src"":""https://static.oxinis.com/healthmug/image/product/237477-2-80.webp""},{""Image"":"""",""image_src"":""https://static.oxinis.com/healthmug/image/product/237477-3-80.webp""},{""Image"":"""",""image_src"":""https://static.oxinis.com/healthmug/image/product/237477-4-80.webp""},{""Image"":"""",""image_src"":""https://static.oxinis.com/healthmug/image/product/237477-5-80.webp""},{""Image"":"""",""image_src"":""https://static.oxinis.com/healthmug/image/product/237477-6-80.webp""},{""Image"":"""",""image_src"":""https://static.oxinis.com/healthmug/image/product/237477-7-80.webp""},{""Image"":"""",""image_src"":""https://static.oxinis.com/healthmug/image/product/237477-8-80.webp""},{""Image"":"""",""image_src"":""https://static.oxinis.com/healthmug/image/product/237477-9-80.webp""},{""Image"":"""",""image_src"":""https://static.oxinis.com/healthmug/image/product/237477-10-80.webp""},{""Image"":"""",""image_src"":""https://static.oxinis.com/healthmug/image/product/237477-11-80.webp""},{""Image"":"""",""image_src"":""https://static.oxinis.com/healthmug/image/product/237477-12-80.webp""},{""Image"":"""",""image_src"":""https://static.oxinis.com/healthmug/image/product/237477-13-80.webp""}]",,220,154,30,"<div class=""productDetailFull""><div><h2>Also known as</h2><p>Hapdco Marks Go Cream Marks Go Face Wash Combo for face Facial care Facewash and face cream</p></div><div><h2>Properties</h2><div class=""properties""><div class=""propertyRow""><div class=""propertyLable"">Weight</div><div class=""propertyValue"">100 (gms)</div></div><div class=""propertyRow""><div class=""propertyLable"">Dimensions</div><div class=""propertyValue"">5 (cm) x 3.5 (cm) x 13.7 (cm)</div></div></div></div><div><h2>About Hapdco Marks Go Combo</h2>
<h3>Hapdco Marks Go Cream</h3>
<p>Hapdco Mark Go Cream is a fantastic cream that is quite good for the skin. It contains herbal ingredients that aid in the removal and lightening of scars, marks, blemishes, burn marks, and stretch marks. It provides the skin with a perfect sheen. Stretch marks and scars are lightened and erased by Hapdco Marks GO Cream. This lotion enhances the appearance and radiance of the skin.</p>
<h3>Hapdco Marks Go Face Wash</h3>
<p>Hapdco Marks Go Anti Marks Face Wash contains pure herbal ingredients that aid to lighten scars, blemishes, and dark spots while also providing clear, healthy, and beautiful skin. It helps to minimise scars and dark spots, removes dead skin, and improves the complexion. Hapdco Marks Go Anti Marks Face Wash may assist in providing faultless and immaculate skin.</p>
<h2>Hapdco Marks Go Combo Contains</h2>
<ul>
  <li>Hapdco Marks Go Cream</li>
  <li>Hapdco Marks Go Face Wash</li>
</ul>
<h2>Ingredient used in Hapdco Marks Go Combo</h2>
<h3>Hapdco Marks Go Cream</h3>
<p>Curcuma longa, Rosa centifolia, Ocimum sanctum, Citrus medica, Azadirachtaindica, Santalum album, Aloe vera, Crocus sativus, Triticumsativum and Cream base.</p>
<h3>Hapdco Marks Go Face Wash</h3>
<p>Chandan Extracts, Haridra Extracts, Aloe vera Extracts and Neem Extracts.</p>
<h2>Benefits of Hapdco Marks Go Combo</h2>
<ul>
  <li>It facilitates the lightening of stretch marks and scars</li>
  <li>It may help to remove blemishes, dark circles, and burn marks</li>
  <li>It might give a flawless and spotless skin</li>
  <li>It may help to keep the skin clear, radiant and soft</li>
  <li>It might help to reduce acne marks and keeps the skin healthy</li>
</ul>
<h2>How to use Hapdco Marks Go Combo</h2>
<h3>For facewash</h3>
<p>Apply marks go face wash on the wet face to create a lather and then rinse off with water.</p>
<h3>For cream</h3>
<p>Take about a nut size amount of cream onto the face, Massage your skin with gentle, upward movements or as directed by the physician.</p>
<h2>Side-Effects of Hapdco Marks Go Combo</h2>
<p>There are no side effects of the Hapdco Marks Go Combo.</p>
<h2>Precautions to be taken while using Hapdco Marks Go Combo</h2>
<ul>
  <li>Keep away from children's reach</li>
  <li>Do not exceed the recommended usage</li>
  <li>Keep away from direct sunlight</li>
  <li>Store in a cool and dry place</li>
  <li>For external use only</li>
  <li>Read the label carefully</li>
</ul>
<h2>Additional Information</h2>
<ul>
  <li>100% Authentic Product</li>
  <li>The results will differ depending on the lifestyle and nutrition chosen</li>
  <li>The colour of the product may vary somewhat depending on lighting and screen resolution</li>
</ul></div><div><h2>Terms and Conditions</h2><p>We have assumed that you  have consulted a physician before purchasing this medicine and are not self medicating.</p></div></div>",100,"[{""Question"":""Plz cancel my order sorry but plz cancel my order""},{""Question"":""Plz cancel my order............. ..""},{""Question"":""This if for open pores???""},{""Question"":""Face mya kasa lagaye""},{""Question"":""How to use the cream""}]","[{""Answer"":""Please cancel by Shekhar Qureshi on Jul 01, 2023""},{""Answer"":""Please cancel my order\nby Samima Arefin on Jul 01, 2023""},{""Answer"":""Does this product works even in open pores and black heads by Aroni on Jul 01, 2023""}]",5,https://static.oxinis.com/healthmug/image/brand/22-150.jpg,Hapdco,5,3.5,13.7,[],[],[],[],[],,
